Name,Review,SkuInfo,Date,StarCount
Angela W.,"Received item in good condition.
The quality of the mask a bit dropped, the mask getting thinner compared to others.",Color Family:White-50PCS,08 Oct 2023,5
HONG Y.,Why my packing got burn? delivery my packing got burn a hole.,Color Family:White-50PCS,13 May 2024,5
Iswaran M.,"The KF94 mask provides excellent protection., fast delivery and good packaging",Color Family:Grey-50PCS,29 Feb 2024,5
Angela W.,"Received items in good condition.
Just take a bit longer time to receive it due to it is a pre order products.",Color Family:Black-50PCS,02 Jan 2024,5
A***.,Finally received this order. Take few weeks to receive it. Good value for money.,Color Family:White-50PCS,17 Jan 2024,4
L***M,Finally received the mask.  take few week to receive it.  Good value for money.,Color Family:Black-50PCS,4  weeks ago,5
Jestine,"Order received in good condition, very fast delivery, highly recommended seller",Color Family:Black-50PCS,06 Oct 2023,5
T***m,"Order received in good condition, very fast delivery, mask quality ok, thanks seller",Color Family:White-50PCS,28 Jun 2024,5
Nazari M.,"Goods received in good condition, masks a bit thin but match the price",Color Family:White-50PCS,30 Jun 2024,5
ching W.,å£ç½©å“è´¨åº”è¯¥æ²¡æœ‰é—®é¢˜ï¼Œå·²ç»æ˜¯Næ¬¡è´­ä¹°ï¼Œå°±æ˜¯é€è´§çš„æœ‰é—®é¢˜ï¼Œéšä¾¿æŠŠä¸œè¥¿ä¸¢åœ¨åœ°ä¸Šã€‚,Color Family:Black-50PCS,24 Nov 2023,4
L***.,"items safely received, well packed. quality as per described. recommend seller and will deal again. è´§å“å®‰å…¨æ¥æ”¶ï¼Œå®Œç¾å®‰å…¨åŒ…è£…ã€‚å“è´¨æœ‰å¦‚æè¿°ä¸€æ ·ã€‚æ¨èå•†å®¶ï¼Œä¼šå†æ¬¡è´­ä¹°ã€‚",Color Family:Black-50PCS,7  days ago,5
1***2,"The KF94 mask provides excellent protection.,",Color Family:White-50PCS,07 Jun 2024,5
Angela W.,"Received item in good condition.
The mask quality getting thinner.",Color Family:Black-50PCS,08 Oct 2023,5
leow B.,Good receive in good condition tq lazada and courier person,Color Family:White-50PCS,02 Oct 2023,5
L***.,The goods are received in good condition of good value of moneys,Color Family:Black-50PCS,20 Apr 2024,5
lam K.,Good ğŸ‘ ğŸ‘ ğŸ‘ ğŸ‘ ğŸ‘ price is ok too ğŸ‘Œ ğŸ‘ ğŸ˜„ ğŸ˜€  received in good condition,Color Family:Black-50PCS,16 Aug 2023,5
Chong M.,"repeat purchase as this is comfortable and value buy
fast shipping and delivery",Color Family:White-50PCS,4  weeks ago,5
Siew M.,"good, fast delivery.",Color Family:Grey-50PCS,10 Jun 2024,5
s***n,Item received in good condition. very fast delivery.,Color Family:White-50PCS,30 Aug 2023,5
ching W.,"Item received in good condition,fast delivery and good packing....",Color Family:Grey-50PCS,02 Aug 2023,5
P***.,"Satisfied with the price. Also fast delivery from seller, appreciate it.",Color Family:White-50PCS,02 Jul 2024,5
P***.,"Great design, love it!,",Color Family:White-50PCS,02 Jul 2024,5
viny T.,Fast delivery and receiving in good condition well packing,Color Family:Matcha-50PCS,09 May 2024,5
Bobo W.,Fast delivery and receiving in good condition well packing,Color Family:White-50PCS,15 Jun 2023,5
*******121,"good product, fast delivery, thank you seller, thank you lazada ğŸ‘ğŸ‘ğŸ‘",Color Family:White-50PCS,18 Apr 2024,5
viny T.,good price but a bit thin compare to the exact same item I bought before,Color Family:White-50PCS,09 May 2024,5
tey S.,Fast delivery and receiving in good condition ğŸ‘ğŸ»ğŸ‘ğŸ»ğŸ‘ğŸ»,Color Family:Grey-50PCS,27 Apr 2024,5
Steph Y.,"fasttttttttttt deliveryyyyyyyyyy, thank youuuuuuu seller ğŸ‘ğŸ»ğŸ‘ğŸ»ğŸ‘ğŸ»ğŸ‘ğŸ»ğŸ‘ğŸ»",Color Family:White-50PCS,19 Mar 2024,5
Khoo S.,Sudap beli banyak kali. Tapi tak ada apa special offer harap lain kali ada special offer. Good good good good good good good good good good good good good good good good good good good good,Color Family:White-50PCS,25 Jan 2024,5
T***.,"Good service, fast delivery, Great design, love it!, The KF94 mask provides excellent protection.,",Color Family:Black-50PCS,03 Mar 2024,5
Lily V.,good good ğŸ‘,Color Family:White-50PCS,03 May 2024,5
Khoo S.,Item well received. Quanlity looks ok. .................,Color Family:White-50PCS,22 Jan 2024,5
PANG T.,"The KF94 mask provides excellent protection., Great design, love it!, repeat order",Color Family:White-50PCS,01 May 2023,5
*******121,"good product, fast delivery, thank you seller, thank you lazada ğŸ‘ğŸ‘ğŸ‘",Color Family:White-50PCS,06 Feb 2024,5
N***.,å–å®¶å‘è´§å¾ˆå¿«è¿è¾“ç‰©æµä¹Ÿæ˜¯é€Ÿåº¦è¶…çº§å¿«éš”å¤©å°±æ”¶åˆ°äº†ã€‚å£ç½©è´¨é‡è›®ä¸é”™çš„è›®åšçš„ä¸ä¼šè–„è–„çš„è°¢è°¢å–å®¶ä¸‹æ¬¡è¿˜ä¼šç»§ç»­è´­ä¹°çš„ã€‚,Color Family:Matcha-50PCS,02 Mar 2024,5
L***.,å–å®¶å‘è´§å¾ˆå¿«è¿è¾“ç‰©æµä¹Ÿæ˜¯é€Ÿåº¦è¶…çº§å¿«éš”å¤©å°±æ”¶åˆ°äº†ã€‚å£ç½©è´¨é‡è›®ä¸é”™çš„è›®åšçš„ä¸ä¼šè–„è–„çš„è°¢è°¢å–å®¶ä¸‹æ¬¡è¿˜ä¼šç»§ç»­è´­ä¹°çš„ã€‚,Color Family:Black-50PCS,03 Dec 2023,5
L***.,My family favourite face mask. Good quality and comfortable to wear. certainly provide good protection.,Color Family:Dark blue-50PCS,03 Dec 2023,5
L***.,"The KF94 mask provides excellent protection., Great design, love it!,",Color Family:Matcha-50PCS,29 Nov 2023,5
Khoo S.,Fast delivery and in correct quantity. have used this brand for quite some time now.  satisfied with the product,Color Family:Black-50PCS,25 Jan 2024,5
****1,Been using this mask for some time. Very for money and soft.,Color Family:White-50PCS,21 Jan 2024,5
Sally L.,"Great design, love it!, The KF94 mask provides excellent protection., will repeat older again ,thanks seller",Color Family:White-50PCS,10 Nov 2023,5
Lily V.,"thanks seller, Lazada and despatch boy. items received in good condition.  pricing very reasonable. will order again in future.",Color Family:White-50PCS,27 Mar 2024,5
1***9,Yeppi yesesesesesessesddhfhdhfbfbfbfbfbfbbffbfbfbcbcb,Color Family:Black-50PCS,15 Jan 2024,5
Tan S.,Nipis..setimpal dengan harga ..order headloop hitam yang dapat headloop putih..Hurmmm..kalau dah habis stok bagitaulah dulu sebelum ship..,Color Family:Black-50PCS,16 Dec 2023,5
T***.,very fast delivery! so far the quality is ok and packaging also ok.,Color Family:White-50PCS,10 Dec 2023,5
FARMASI K.,well packed n fast delivery and thank you so much seller n Lazada,Color Family:Black-50PCS,09 Dec 2023,5
Ser C.,Suitable for adults,Color Family:Black-50PCS,07 Dec 2023,5
A***a,"fast delivery. 
receive in good condition 
good value for money.",Color Family:White-50PCS,07 Feb 2023,5
Gregory C.,"Quality Mask and worth the money for purchase
Got it value for money
Recommend to purchase from this seller
Just a little slow but over all good",Color Family:Black-50PCS,30 Dec 2022,5
W***.,Fast delivery and with nice packaging Thank you seller!!!!!,Color Family:Rose Gold-50PCS,13 Dec 2022,5
Iswaran M.,order item received with good condition and this is my third purchase from this seller.,Color Family:Black-50PCS,05 Dec 2022,5
Evonne L.,received in good condition and good value for money.  satisfied with the product quality and fast.,Color Family:Black-50PCS,01 Dec 2022,5
Leelee L.,very good quality and this is my second time ordered...thks.,Color Family:Black-50PCS,30 Nov 2022,5
c***.,"TERBAIK, KEDAI YANG PALING MURAH TAPI KUALITI SAMA JER DGN YG LAIN, RECOMMEND",Color Family:Black-50PCS,07 Nov 2022,5
HS L.,thank you sellerâ¤ï¸,Color Family:Black-50PCS,18 Oct 2022,5
Ruth W.,"Item arrived in 11 days. Good quality, will repurchase again.",Color Family:Grey-50PCS,05 Oct 2022,5
Q***y,"smpai cepat jugak, smuanya cukup seperti yg saya order. quality okay la",Color Family:Black-50PCS,29 Sep 2022,5
lann,"Barang selamat diterima..
harga berpatutan...
tq seller....",Color Family:Grey-50PCS,29 Sep 2022,5
R***.,fast delivery and item deliver correctly. good price and products packaging  handle with care,Color Family:Black-50PCS,24 Sep 2022,5
D***N,ok thanks..barang dah terima cukup kiraan 50 keping..tq...,Color Family:Grey-50PCS,24 Sep 2022,5
W***.,"ğŸ˜ŠğŸ˜ŠğŸ˜ŠğŸ˜ŠğŸ˜ŠğŸ˜ŠğŸ˜ŠğŸ˜ŠğŸ˜ŠğŸ˜ŠğŸ˜ŠğŸ˜Š
ğŸ˜œğŸ˜œğŸ˜œğŸ˜œğŸ˜œğŸ˜œğŸ˜œğŸ˜œğŸ˜œğŸ˜œğŸ˜œğŸ˜œ
Good",Color Family:Grey-50PCS,22 Sep 2022,5
Iswaran M.,"This is my 2nd time order from this seller, all item buy from this seller is good quality and recommended. thank you seller and Lazada.. I will repeat order soon.",Color Family:Black-50PCS,21 Sep 2022,5
Lee P.,"received items in good condition , ğŸ‘ thanks seller ğŸ‘ğŸ˜ƒ Will purchase again",Color Family:Black-50PCS,12 Sep 2022,5
C***.,Fast delivery with black beg packaging. Good quality of the products and good value for the money.  Highly recommended seller and surely will repeat order again if necessary,Color Family:White-50PCS,29 Jul 2022,5
C***.,"Good product with good quality!!! 
Buy 100 pcs dpt 100 pcs!!!",Color Family:Black-50PCS,18 Jul 2022,5
Sherry L.,"Received in the good condition, good value for money, fast delivery and tq seller.",Color Family:White-50PCS,14 Jul 2022,5
c***g,beli 150..semua cukup. Dan seller beri 1 pack percuma ğŸ˜ thank you seller. Mask pun berkualiti.,Color Family:White,17 Jun 2022,5
Tan S.,"nampak nipis ,kualiti tidak begitu memuaskan,dulu beli lebih tebal,cantik",Color Family:White Green,07 Jun 2022,5
Alison Y.,"Its quite thin but for the price, its ok.",Color Family:White Green,30 May 2022,5
Kelly C.,"Received in good condition. Will repeat order after finish using. Good value for money. Thanks,",Color Family:Grey,14 May 2022,5
C***.,"Parcel received in good condition and good value for money, good quality products",Color Family:White,13 May 2022,5
chang W.,slightly thinner than the one i normally buy from pharmacy Yukazan but still can be uswd. i guess most seller trying to sell of the stock due to endemic.  got at a bargain price of rm28 for 150pc.  tq seller,Color Family:Black,28 Apr 2022,5
Mimi T.,came in good condition. packing can be improved even though it was nothing fragile.,Color Family:White,26 Apr 2022,5
S***.,"Items received in good condition, the packaging is not bad .",Color Family:Black,16 Apr 2022,5
TAM S.,fast deliver. nit yet try do not know ehethrt ok or not. hoping it will ok,Color Family:White-50PCS,15 Jul 2022,5
F***.,"Received with good condition, value of money and fast delivery.",Color Family:Black,02 Jun 2022,5
1***9,"fast delivery 
quanlity is acceptable
readable price
will purchase again",Color:Black,16 May 2022,5
Siti Z.,"penghantaran cepat tapi mask ni nipis dan berbau cikit..
was2 nk pkai kat org ramai",Color Family:White-50PCS,12 Jul 2022,5
Yan H.,"received in good condition, thank you seller",Color Family:White,26 May 2022,5
Muhammad H.,"really good and comfortable to wear, an absolute bargain to buy highly recommended",Color Family:Dark blue-50PCS,06 Oct 2023,5
J***.,"good.....
wear so comfortable
value to buy it
and fast to recieve it",Color Family:Black-50PCS,20 Aug 2022,5
SooLee,Second time buying this brand. Itâ€™s cheap and quality is ok. Delivery is very fast too.,Color Family:Dark blue-50PCS,11 Oct 2023,5
Jocelyn Q.,tq seller brng dah slmt smpi ğŸ‘â¤ï¸ğŸ‘â¤ï¸ğŸ‘â¤ï¸ğŸ‘â¤ï¸ğŸ‘â¤ï¸ğŸ‘â¤ï¸ğŸ‘â¤ï¸ğŸ‘â¤ï¸ğŸ‘â¤ï¸ğŸ‘â¤ï¸,Color Family:Dark blue-50PCS,18 Nov 2023,5
Siow H.,"Delivery ok, but it thinner from my last purchase",Color Family:Black-50PCS,02 Nov 2023,5
p***g,"Very comfortable mask, very good, thank you.",Color Family:White,21 Mar 2022,5
L***.,very good ğŸ‘ğŸ»ğŸ‘ğŸ»ğŸ‘ğŸ»ğŸ‘ğŸ»ğŸ‘ğŸ»ğŸ‘ğŸ»ğŸ‘ğŸ»ğŸ‘ğŸ»ğŸ‘ğŸ»ğŸ‘ğŸ»ğŸ‘ğŸ»ğŸ‘ğŸ»,Color Family:White-50PCS,03 Nov 2023,5
1***2,Fast shipping and received in good condition.. Thanks seller and Lazada..,Color Family:Black-50PCS,16 Aug 2023,5
faris,"The KF94 mask provides excellent protection., Great design, love it!, The KF94 mask provides excellent protection., Great design, love it!,",Color Family:Black-50PCS,14 Jun 2024,5
Noor A.,å¾ˆå¥½,Color Family:Dark blue-50PCS,29 Jul 2023,5
Evelyn W.,good quality and price is cheaper than other sellers.  we like to use this as it is light and design is cute. delivery pun fast and well packed too,Color Family:Black-50PCS,09 May 2023,5
Nora A.,tq....parcel da sampai...murah bebaloiÂ².lain kali bole bli lg,Color Family:Black-50PCS,22 Sep 2023,5
SLE,"thanks seller and courier,..The KF94 mask provides excellent protection., Great design, love it!, .. always repeat order... very comfortable.. simple...",Color Family:Black-50PCS,18 Oct 2023,5
claudia C.,Received in good condition. Good quality. Thank you seller,Color Family:Grey-50PCS,07 Oct 2023,5
Iswaran M.,"Hi seller, ordered item received with good condition, i will repeat order soon.",Color Family:Black-50PCS,24 Aug 2023,5
Jenny T.,tq...brg da sampai..semua ok..penghantaran laju..murah sgt,Color Family:Grey-50PCS,29 Nov 2023,5
Yyan L.,good,Color Family:Grey-50PCS,3  weeks ago,5
L***.,"The KF94 mask provides excellent protection., Great design, love it!,",Color Family:Black-50PCS,3  weeks ago,5
1***0,"Received the parcel in good conditions, Good product thank you seller ğŸ‘ğŸ‘ğŸ‘ğŸ‘ğŸ‘ğŸ‘",Color Family:White-50PCS,13 May 2023,5
Kew,arrived on time.packed very well.slightly thinner when compared with my previous purchase,Color Family:Black-50PCS,23 May 2024,5
1***5,"Great design, love it!, The KF94 mask provides excellent protection.,",Color Family:Black-50PCS,4  weeks ago,5
Siow H.,"comfortable, not too tight",Color Family:Black-50PCS,23 Aug 2023,5
CL,Fast delivery with good packaging. Product quality is good.,Color Family:White-50PCS,22 Aug 2022,5
Jake A.,the mask is quality and worth it. i will buy more in the future!,Color Family:White-50PCS,16 Aug 2022,5
1***3,"KF94 masks looks good and packed nicely. They also arrived fast and in the quantity ordered.

Plus rebate card too.",Color Family:White-50PCS,11 Aug 2022,5
F***.,"Received with good condition, value of money and fast delivery.",Color Family:White-50PCS,28 Jul 2022,5
Lau C.,Received in good condition good value for money and delivery,Color Family:Black-50PCS,27 Jul 2022,5
Zayaana S.,Really quick delivery. All are in. Thank you,Color Family:Black-50PCS,25 Jul 2022,5
Sani N.,"items received safely
receive as per oder
good product and good packaging
tq Lazada seller and shipping partner",Color Family:Black-50PCS,07 Jul 2022,5
c***.,Item received in good condition Good product quality  ğŸ˜ƒğŸ‘ğŸ‘ğŸ‘Recommended,Color:White,14 Apr 2022,5
chan K.,Delivery time  is acceptable. Price is very reasonable. Not for medical use. It is made in China not Korea,Color Family:Grey,05 Apr 2022,5
T***.,"Product received in good condition. 
Product packaging are good.",Color Family:White-50PCS,17 Aug 2022,5
W***.,"received with thanks, quality not thick enough compare to others brands",Color Family:White-50PCS,10 Jul 2023,5
T***.,Delivery is considered slow. But arrived in good condition and good quality,Color Family:White-50PCS,11 Jun 2023,5
Iswaran M.,Memang selalu guna jenis ni..stok dah habis..kena beli sbb kadang x sihat.,Color Family:White-50PCS,29 Jun 2022,5
Yan E.,item received in good condition.. we will repeat order. thank you seller...,Color Family:Black-50PCS,29 Aug 2023,5
Yan E.,"The goods have been received, thank you seller ğŸ˜ŠğŸ˜Š",Color Family:Black-50PCS,29 Aug 2023,5
A***.,"The goods have been received, thank you seller ğŸ˜ŠğŸ˜Š",Color Family:White-50PCS,15 Aug 2022,5
Chee Y.,Received,Color Family:White-50PCS,22 Jul 2023,5
P***.,"fast delivery, items received in good condition with right order.",Color Family:Black-50PCS,20 Jul 2023,5
Chan E.,"Good quality, patient seller, great service, will order again",Color Family:White-50PCS,06 Jul 2023,5
Tang C.,"Terima kasih banyak, perkhidmatan ini bagus dan penghantarannya cepat",Color Family:White-50PCS,24 Jun 2023,5
E***e,goods received in order. string length is ok. comfortable to wear.,Color Family:Grey-50PCS,19 Jun 2023,5
K***.,fast delivery. its non medical mask. quality is ok. 4 layers.,Color Family:Black-50PCS,09 Jun 2023,5
Lee L.,"Received in good condition
Received with thanks
Thank you Seller",Color Family:White-50PCS,09 Jul 2022,5
KaniSK,"Great design, love it!, The KF94 mask provides excellent protection.,",Color Family:Dark blue-50PCS,15 Jun 2024,5
W***.,æ”¶åˆ°è´§äº†ï¼Œè°¢è°¢å–å®¶ğŸ‘ğŸ‘ğŸ‘ğŸ‘ğŸ‘ğŸ‘ğŸ‘ğŸ‘ğŸ‘ğŸ‘ğŸ‘ğŸ‘ğŸ‘ğŸ‘ğŸ‘ğŸ‘ğŸ‘ğŸ‘ğŸ‘ğŸ‘ğŸ‘ğŸ‘,Color Family:Black-50PCS,18 Oct 2023,5
*******588,ok.,Color Family:Matcha-50PCS,07 Sep 2023,5
Rebecca T.,goodğŸ˜ŠğŸ˜ŠğŸ˜ŠğŸ˜ŠğŸ˜ŠğŸ˜ŠğŸ˜ŠğŸ˜ŠğŸ˜ŠğŸ˜ŠğŸ˜ŠğŸ˜ŠğŸ˜ŠğŸ˜ŠğŸ˜ŠğŸ˜ŠğŸ˜ŠğŸ˜ŠğŸ˜ŠğŸ˜ŠğŸ˜ŠğŸ˜ŠğŸ˜ŠğŸ˜ŠğŸ˜Š,Color Family:White-50PCS,05 Jul 2023,5
Hor L.,Fast delivery and the items was received in good condition.,Color Family:Grey-50PCS,2  weeks ago,5
Lok M.,"The KF94 mask provides excellent protection.,",Color Family:White-50PCS,27 Sep 2023,5
Abd A.,Sederhana je.,Color Family:Black-50PCS,26 Sep 2023,4
Wendyteo,gd,Color Family:White-50PCS,25 Sep 2023,5
*******588,good ğŸ‘,Color Family:Dark blue-50PCS,07 Sep 2023,5
Lee F.,"fast delivery, received in good condition",Color Family:Matcha-50PCS,24 Jul 2023,5
ChangMF,Nice. was in pack of 10. totally worth it,Color Family:Black-50PCS,07 Jun 2023,5
Theresa T.,Very fast delivery and price is valued for money.,Color Family:Grey-50PCS,21 May 2024,5
Loong I.,"Safety arrived and fast deliver, tq",Color Family:White-50PCS,17 Aug 2023,5
J***.,good,Color Family:Black-50PCS,11 Jun 2023,5
Vivian H.,fast delivery! quality looks ok too,Color Family:White-50PCS,28 Jul 2023,5
Muhammad A.,received,Color Family:White-50PCS,11 Aug 2023,5
moon L.,received in good order. ğŸ‘,Color Family:Grey-50PCS,02 Aug 2023,5
Ng S.,Fast delivery,Color Family:White-50PCS,21 Jun 2023,5
*******270,good,Color Family:Black-50PCS,21 Jun 2023,5
1***9,good,Color Family:Black-50PCS,19 Jun 2023,5
L***h,fast delivery,Color Family:Black-50PCS,01 Apr 2022,5
Surina J.,"The KF94 mask provides excellent protection.,",Color Family:Black-50PCS,10 May 2024,5
********245,What do you think of the quality and appearance? Quality very thin and comfy. A bit of unpleasant odor.,Color Family:Black-50PCS,15 Apr 2023,5
Kew,I already received from order 50pcs X 2=100pc today but not 100 pcs. only 90 pcs. so sad to order in Lazada next time.,Color Family:White-50PCS,31 Jan 2024,5
Cheah I.,The item have received which packed nicely. This mask comfortable to wear. Thank you Lazada for prompt delivery,Color Family:White-50PCS,27 Apr 2024,5
erwan S.,worth buying......can repeat with this seller,Color Family:Grey-50PCS,04 May 2024,5
C***.,tima kasih...face mask da smpi da...cepat betul penghantaran...pembungkusanpn kemas...terbaikkkkğŸ‘ğŸ‘ğŸ‘ğŸ‘ğŸ‘ğŸ‘ğŸ¥°ğŸ¥°ğŸ¥°,Color Family:Black-50PCS,17 Jan 2024,3
Loh W.,"Itâ€™s okay,  it gives some for of protection,  although realise that the a quite thin .  Delivery took forever ,  almost a month.   Did not respond to chats.  

Overall just good Allie for money",Color Family:White-50PCS,10 Jun 2024,5
V***.,"Fast shipment and item received in excellent condition!! Excellent seller, highly recommended!!",Color Family:Black-50PCS,16 Jul 2023,5
h***a,barang diterima dalam keadaan baik...mask pun selesa di pakai terbaik...recomended boleh repeat order thank q seller.,Color Family:Grey,19 Mar 2022,5
h***a,I like this shop very much. The masks given are of very good quality. Thank the seller I like this shop very much. The masks given are of very good quality. Thank the seller,Color Family:Grey,19 Mar 2022,5
h***a,I really like the masks given by this shop and they are of very good quality. I bought all the styles I like from their house. Perfect for children. They fit my 8 year old kid. Adult kf94 and kn95 are also very comfortable to wear and exactly as advertised. 5 Layer Authentication! ! ! thanks seller,Color Family:Grey,19 Mar 2022,5
sujitra,,Color Family:White-50PCS,11 Oct 2023,5
m***.,I have purchased with this seller for several times! The quality is good!,Color Family:Grey-50PCS,06 Mar 2024,5
I***h,"Great design, love it!,",Color Family:Black-50PCS,04 Mar 2023,5
Theresa T.,"Received in a good condition 
Quite thin but its okay 
Thankyou",Color Family:Black-50PCS,28 Feb 2024,5
onewan K.,mask received..fast delivery and quality is ok lah ..boleh pakai jet. thanks ğŸ˜Š,Color Family:Black-50PCS,14 Jul 2023,4
èŠ¬ æ´ª.,quality sungguh puas hati penghantaran pun cepat sampai terima kasih seller,Color Family:Black-50PCS,25 Apr 2023,5
omar,barang sampai dalam keadaan baik tq seller,Color Family:Black-50PCS,04 Apr 2024,5
Theresa T.,The item just received today which packed neat.  The mask same as per advertised and comfortable to wear. Thank you Lazada for prompt delivery.,Color Family:White-50PCS,26 Nov 2023,5
Chung M.,"The KF94 mask provides excellent protection., Great design, love it!,",Color Family:White-50PCS,1  week ago,5
Tan K.,fast delivery! value for money! recommended! everything is fine,Color Family:White-50PCS,16 Jun 2023,5
J***.,Good product quality good value for money fast delivery good,Color Family:Black-50PCS,10 Dec 2023,5
Alice C.,"Thomas's are thinner than the ones l ordered before.  Other than that, everything seems fine.",Color Family:White-50PCS,15 Jul 2023,5
1***5,Barang sudah sampai ğŸ‘ğŸ‘ğŸ‘ğŸ‘ğŸ‘ğŸ‘ğŸ‘ğŸ‘ğŸ‘ğŸ‘ğŸ‘ğŸ‘ğŸ‘ğŸ‘ğŸ‘ğŸ‘ğŸ‘,Color Family:Dark blue-50PCS,14 Jul 2023,5
Theresa T.,"Thanks seller and Lazada,.. delivery very fast... product also good,.. always repeat order... Recommended",Color Family:Black-50PCS,02 Nov 2023,5
ching W.,the item is received in good condition and exactly the same as described in the page and will purchase again in future,Color Family:White-50PCS,03 Dec 2023,5
lee B.,"The KF94 mask provides excellent protection., Great design, love it!,",Color Family:White-50PCS,16 Dec 2023,5
Yap C.,å£ç½©è´¨é‡éå¸¸å¥½ å‘è´§é€Ÿåº¦å¿« åˆ°è´§é€Ÿåº¦ä¹Ÿå¾ˆå¿«ğŸ¥°ğŸ¥°ğŸ¥°ğŸ¥°å€¼å¾—è´­ä¹°,Color Family:Black-50PCS,06 May 2023,5
h***o,fast deliveryï¼Œquality OKï¼Œtq for the nice gift,Color Family:Black-50PCS,13 Dec 2023,5
1***6,"Good quality product.Recieved in good condition.All the while had been using  this brand, like it as there are many colours to choose from.",Color Family:White-50PCS,08 Oct 2023,5
Theresa T.,good,Color Family:Grey-50PCS,04 Oct 2023,5
0***6,"Thanks seller,.. good product and service very fast... again,,,, again repeat order ğŸ‘Œ Recommended",Color Family:White-50PCS,04 Apr 2023,5
Chris C.,Got it. Packing no so good this time. It broke but the items inside is OK and actually gave us more. Thank you.,Color Family:Black-50PCS,26 Sep 2023,5
1***6,Got it. Packing no so good this time. It broke but the items inside is OK and actually gave us more. Thank you.,Color Family:White-50PCS,11 Oct 2023,5
Chung M.,Quality and appearance are good with reasonable price.Had been repeating orders many times.,Color Family:Rose Gold-50PCS,1  week ago,5
D***D,Ordered for the third time The seller's service is very good The quality of the masks is very good The price is very good,Color Family:Grey,20 Mar 2022,5
Frankie N.,"Items received in good condition, fast delivery and value for money, thank you seller.",Color Family:Dark blue-50PCS,16 Mar 2023,5
hj M.,"as expected quality is good, fast shipping by seller, 2nd purchased",Color Family:Black-50PCS,01 Mar 2023,5
CHEOW L.,Item received in good condition.  Well packed and the mask is soft.  Good quality.  Thanks seller and will buy from this seller again in future.,Color Family:Black-50PCS,01 Mar 2023,5
P***.,"fast delivery, items received in good condition, quality was thin but accepted",Color Family:Black-50PCS,22 Feb 2023,5
Tan L.,Goods received in good order & condition. Thank you seller. Will repeat order again later.,Color Family:Black-50PCS,22 Feb 2023,5
S***.,Facemask okayy takde defect. Good. Fast delivery tq seller & courier.,Color Family:Dark blue-50PCS,21 Feb 2023,5
L***.,Received in good condition.  Prompt delivery.  Trustworthy and reliable seller.,Color Family:Black-50PCS,18 Jan 2023,5
Y***.,"received packing in good condition 
quality ok, thanks seller",Color Family:White-50PCS,17 Jan 2023,5
siti H.,penghantaran pantas n pembungkusan bagus. harga berpatutan,Color Family:Black-50PCS,14 Jan 2023,5
****1,Thanks for prompt delivery.,Color Family:White-50PCS,12 Jan 2023,5
H***.,terbaik.... ğŸ‘ğŸ’¯,Color Family:Grey-50PCS,12 Jan 2023,5
J***.,"very good seller... responsive... friendly
highly recommended",Color Family:Black-50PCS,07 Jan 2023,5
christina L.,delivered very fast and wrap with bubbles bag thanks seller,Color Family:Black-50PCS,29 Dec 2022,5
wulinar,"i order grey 
send to me all whiteğŸ¤£ğŸ¤£ğŸ¤£ğŸ˜‚ğŸ˜‚ğŸ˜‚ğŸ˜‚ğŸ˜‚",Color Family:Grey-50PCS,27 Dec 2022,5
P***.,"good!!!
ğŸ‘ğŸ‘ğŸ‘ğŸ‘ğŸ‘ğŸ‘ğŸ‘ğŸ‘ğŸ‘ğŸ‘ğŸ‘ğŸ‘ğŸ‘ğŸ‘ğŸ‘ğŸ‘ğŸ‘ğŸ‘ğŸ‘ğŸ‘ğŸ‘ğŸ‘",Color Family:White-50PCS,22 Dec 2022,5
Lim K.,nice and good !,Color Family:White-50PCS,14 Dec 2022,5
Saf,"Super love the mask! Fits perfectly and anti-acne! I bought 50pcs terus andd super fast shipping! Next day dapat dah! Terima kasih, Seller!",Color Family:Black-50PCS,14 Dec 2022,5
Tan L.,Received in good order & condition. Fast delivery. Good quality & worth for money. Will repeat order soon. Thank you.,Color Family:Rose Gold-50PCS,25 Nov 2022,5
0***6,Received  goods in good condition.Thanks seller!,Color Family:Black-50PCS,23 Nov 2022,5
WONG Z.,It's not my first time buying from this shop. The price is very affordable and everything works.,Color Family:White-50PCS,21 Nov 2022,5
1***1,I ordered on sept(50pcs) to check the size and design.. all were good. so I re ordered 100pcs. end up different design at nose bridge.dissappointed.,Color Family:Black-50PCS,14 Nov 2022,5
JALEHA B.,"fast shipping
excellent service by seller
good value for money
Tq Lazada Tq Seller",Color Family:Black-50PCS,07 Nov 2022,5
Chin H.,fast deliver ğŸ˜ƒğŸ˜ƒğŸ˜ƒğŸ˜ƒğŸ˜ƒğŸ˜ƒğŸ˜ƒğŸ˜ƒğŸ˜ƒğŸ˜ƒğŸ˜ƒğŸ˜ƒğŸ˜ƒğŸ˜ƒğŸ˜ƒğŸ˜ƒğŸ˜ƒğŸ˜ƒğŸ˜ƒğŸ˜ƒ,Color Family:White-50PCS,03 Nov 2022,5
F***.,good product quantity... good value for money... fast delivery,Color Family:Black-50PCS,17 Oct 2022,5
Chen M.,Ordered 10/10 and received on 13/10.  Hopefully the quality is good where the earloop will not detached easily.,Color Family:White-50PCS,14 Oct 2022,5
é‡‡å®¸ ç¾….,å·²æ”¶åˆ°äº†è°¢è°¢ğŸ‘ğŸ‘ğŸ‘ğŸ‘ğŸ‘,Color Family:Grey-50PCS,13 Oct 2022,5
é‡‡å®¸ ç¾….,å·±æ”¶åˆ°äº†è°¢è°¢ã€‚ğŸ‘ğŸ»ğŸ‘ğŸ»ğŸ‘ğŸ»ğŸ‘ğŸ»ğŸ‘ğŸ»ğŸ‘ğŸ»,Color Family:Black-50PCS,11 Oct 2022,5
l***.,"GOOD CONDITION OF PRODUCT
GOOD SERVICE OF SELLER
GOOD SERVICE OF COURIER",Color Family:White-50PCS,03 Oct 2022,5
Dhammi P.,"This is my second time buying ..
Very good product..
And very fast delivery tooâ€¦
Will buy again in different colors ..
Thank you ğŸ™",Color Family:Matcha-50PCS,01 Oct 2022,5
K***.,"Face masks well received, Thank you seller for the extra white face mask and the rebate card.",Color Family:Rose Gold-50PCS,29 Sep 2022,5
Dolynn C.,"Well packaging and received in  good condition, tq seller.",Color Family:Black-50PCS,23 Sep 2022,5
Kangsika,Thank ğŸ‘ğŸ»ğŸ‘ğŸ»,Color Family:Black-50PCS,23 Sep 2022,5
Kangsika,ğŸ‘ğŸ»ğŸ‘ğŸ»ğŸ‘ğŸ»thank,Color Family:Black-50PCS,21 Sep 2022,5
Kangsika,ğŸ‘ğŸ»thank terbaik,Color Family:White-50PCS,21 Sep 2022,5
YM L.,"Well received with nice packing  , worth of money, not yet use, hope its comfortable to wear. Thanks seller",Color Family:White-50PCS,21 Sep 2022,5
CHIA L.,Receive in good condition okay to wear it this maskâ˜ºï¸,Color Family:Black-50PCS,20 Sep 2022,5
Sindy Y.,Good product quality! Good value for money! Fast delivery!,Color Family:Black-50PCS,19 Sep 2022,5
0***3,received.ğŸ˜ŠğŸ˜ŠğŸ˜ŠğŸ˜ŠğŸ˜ŠğŸ˜ŠğŸ˜ŠğŸ˜ŠğŸ˜ŠğŸ˜ŠğŸ˜ŠğŸ˜ŠğŸ˜ŠğŸ˜ŠğŸ˜ŠğŸ˜ŠğŸ˜ŠğŸ˜ŠğŸ˜ğŸ˜ğŸ˜,Color Family:Rose Gold-50PCS,15 Sep 2022,5
H***.,Fast delivery. Good product. Thank you seller and Lazada for amazing service.,Color Family:White-50PCS,22 Jul 2022,5
Nick C.,è€æ¿ï¼è´§å·²å®‰å…¨åˆ°è¾¾ï¼Œä¸ªäººéå¸¸æ»¡æ„å–å®¶çš„è´§å“ï¼Œå¦‚æœ‰éœ€è¦åˆ°çš„ä¸œè¥¿ï¼Œæˆ‘ä¼šé€‰æ‹©å†æ¬¡å‘è¿™ä½å–å®¶è´­ç‰©ï¼Œè°¢è°¢,Color Family:Black-50PCS,15 Jul 2022,5
jeraline R.,thank you seller. like it.ğŸ‘ğŸ‘ğŸ‘ğŸ‘ğŸ‘â¤ï¸,Color Family:Black-50PCS,13 Jul 2022,5
h***o,"fast delivery,quality ok,tqtqtqtqtqtqtq",Color Family:Matcha-50PCS,13 Jul 2022,5
Ann L.,Products was received good conditionâ¤ï¸ Thanks the free mask too.Fast delivery too.ğŸ‘ğŸ»,Color Family:Black-50PCS,12 Jul 2022,5
R***w,Received package this evening. Well packaged. All in good condition. Thanks seller and Lazada. Service form seller was great. Much appreciated. Thanks  to Lazada too .Delivery service was excellent.,Color Family:Grey-50PCS,09 Jul 2022,5
********984,I order 50 mask..Ok its good to use,Color Family:Black-50PCS,09 Jul 2022,5
A***.,"Received in two days ., super fast , quality is okay ., a little thin but okay still can use ..",Color Family:Black-50PCS,09 Jul 2022,5
C***.,"thanks lazada, thanks seller.",Color Family:White-50PCS,29 Jun 2022,5
E***.,the packaging was very tight so much so that a few packets of the masks are folded but usable. Am waiting for the next shipment of the latest kf94 masks again. Hope this time the packaging has improved ğŸ™ğŸ™ğŸ‘,Color Family:White,16 Jun 2022,5
Wong C.,received with thanks. fast delivery,Color Family:Black,16 Jun 2022,5
VN,má»ng. cÃ³ mÃ¹i khÃ³ chá»‹u,Color Family:Black,13 Jun 2022,5
1***5,wow barang sudah sampai dengan selamat dan datang pada waktu yang tepat...ğŸ‘ğŸ‘ğŸ‘,Color Family:Black,11 Jun 2022,5
A***.,"Comfortable and cheap 
__________________________

â­â­â­â­â­",Color Family:White,07 Jun 2022,5
masdee,barang dh sampai dgn baik...,Color Family:White,04 Jun 2022,5
Pushpa,Received in good condition and good quality. Worth the price. Just that the delivery is slow,Color Family:Grey,03 Jun 2022,5
emma A.,"akhir nya dapat juga, penghantaran terlalu lambat,any way thanks...",Color Family:Black,01 Jun 2022,5
Siew T.,"Very disappointed, the mask is thin only 1layer ğŸ˜”",Color Family:White Green,23 May 2022,5
LEE L.,received goods,Color Family:Black,23 May 2022,5
Kang C.,I see the products are in good quality and your company is very reliable,Color Family:White,23 May 2022,5
Suanty S.,barang dah sampai dan dlm keadaan yg elok.t.kasih byk pd sell dan flash my.pengantaran pun cepat sgt2.,Color:Black,17 May 2022,5
Sazali O.,tq so much ğŸ‘ğŸ¼ğŸ‘ğŸ¼ğŸ‘ğŸ¼,Color Family:Black,13 May 2022,5
Foo C.,Received with thanks.,Color Family:White,10 May 2022,5
1***6,"good products and nice prices,  delivery also very fast, well done",Color Family:Grey,10 May 2022,5
MOHD S.,received tqğŸ‘,Color Family:White,29 Apr 2022,5
yuyun,"Terbaik lh saya suka,, 50 pcs dgn harga yang berpatutan",Color:White,26 Apr 2022,5
Lun K.,"First time buy it, feel good",Color:White,25 Apr 2022,5
T***.,"Thank you seller, fast delivery",Color Family:Black,25 Apr 2022,5
Jenny T.,tq seller... gift nice,Color Family:Grey,20 Apr 2022,5
Teoh L.,fast delivery .good product quality.good packing and good value,Color Family:Black,19 Apr 2022,5
C***.,"received items in good condition, well packing and will buy again. Thank you seller",Color Family:White,15 Apr 2022,5
Thong E.,Received in order. thanks.,Color Family:Grey-50PCS,14 Oct 2022,5
THERESA H.,Fast delivery but packing not very good but still can accept.,Color Family:Black-50PCS,03 Oct 2022,5
L***.,"This mask is big enough for man's face.
It is comfortable, good price too.
Thank you seller and courier guy.",Color Family:Grey-50PCS,12 Sep 2022,5
Chaw M.,Very fast delivery. Tqvm ğŸ‘ğŸ»,Color Family:White-50PCS,07 Jul 2022,5
Kwong H.,Price cheaper a lot than buying from shop.,Color Family:White,27 May 2022,5
A***.,"mask materials good quality
value buy ...will repeat order
thanks seller",Color Family:Black,23 May 2022,5
As80,alhamdulillah.mask dh sampai 23/5.order 100 pcs cukup semuanya.ok la x tebal x nipis.boleh pakai.berbaloi dgn harga.beli mahal pun buat ape pakai buang kn.kpd sesiapa nk beli sila kn.x rugi pun.puas hati.tq seller sy beli,Color:Black,23 May 2022,5
S***.,Satisfied. Reasonable prices. Good quality and fast delivered,Color Family:White-50PCS,22 Aug 2022,5
Nurul A.,alhamdulilah barang selamat sampai sorry baru nk update n sekali lagi sorry ye gmbar lain,Color Family:Black-50PCS,20 Sep 2022,5
A***.,Comfortable to wear. Feel soft on my face. Worth the money spent. Fast packaging and shipping from the seller.,Color Family:Black-50PCS,09 Sep 2022,5
Tiu G.,item received in good condition thank you to seller for expedite delivery,Color Family:White,18 Jun 2022,5
Anna B.,The mask has a glue smell unlike the previous purchase.  But at this price it is acceptable,Color Family:White,13 Jun 2022,5
Rui W.,"fast delivery, cheap, good to use, nose won't pain. Will buy again. good packaging.",Color Family:White,23 May 2022,5
NG C.,"This KF94 is very good, my son likes to use it, the quality is also good, the price is also good",Color Family:Grey-50PCS,08 Sep 2022,5
siew L.,"Delivery on time frame, but material too thin 3 ply only not 4 ply. Its worth the price",Color Family:Matcha-50PCS,14 Jul 2022,5
Lim A.,comfortable and soft not yet use i hope it is good to useğŸ˜ŠğŸ˜ŠğŸ˜Š,Color Family:Grey,04 Jun 2022,5
Cindy A.,"quality is ok, price is cheaper, fast delivery",Color Family:White Green,30 May 2022,5
GANESAN,Very fast delivery. Quality as expected.,Color Family:Black,14 May 2022,5
Josephinetan,"received stock very fast.  quality ok, but a bit thin.  review again once use it",Color Family:Grey-50PCS,09 Jul 2022,5
D***.,Received with good condition and well packaged with bubble wrap thanks to sellers and courier service.,Color Family:White,30 May 2022,5
WONG Z.,The item received safely and packaging is nice too.,Color Family:White,11 May 2022,5
L***.,Good product quality ğŸ‘ğŸ‘ğŸ‘ definitely worth to buy from this seller! Quick response and I like it very much!,Color Family:White,27 Apr 2022,5
Annie T.,good to receive my order. ğŸ‘ğŸ»ğŸ‘ğŸ»ğŸ‘ğŸ»ğŸ‘ğŸ» Thanks ğŸ‘ğŸ»ğŸ‘ğŸ»ğŸ‘ğŸ»,Color Family:Grey-50PCS,14 Jul 2022,5
Kenneth T.,Everything in good condition! I just love this KF94! looks simple n nice! definitely will order again ğŸ‘ğŸ»ğŸ‘ğŸ»ğŸ‘ğŸ»,Color Family:White-50PCS,07 Jul 2022,5
Lee S.,"Good quality! Good seller, fast reply and resolve the problem of my lost mask!",Color Family:White,11 Jun 2022,5
C***.,"Goods received in good packaging, value for money and will order again for the next time",Color Family:Black,30 May 2022,5
Michelle,"barang semua cukup...
dapat free 1bg..tq ğŸ˜ğŸ¥°",Color Family:White-50PCS,01 Jan 2024,5
0***3,goood product..nice packaging tq seller ğŸ‘.. superb.. safety arrive..,Color Family:Matcha-50PCS,22 Jun 2022,5
C***.,Good service from seller.,Color Family:Grey,02 Jun 2022,5
Joshua L.,"good, comfy, worth the purchase",Color Family:Black-50PCS,08 Sep 2022,5
KOH M.,Goods received in order. Packing is different but the quality is comparable to FUNLALA.,Color Family:White-50PCS,15 Jul 2022,5
T***y,è°¢è°¢å–å®¶é€ä¸€ç›’(åç‰‡)å°å­©95å£ç½©,Color:Grey,20 Apr 2022,5
P***.,"Quick delivery
Love them they are not too thin
Would totally recommend",Color Family:Black,16 May 2022,5
D***l,product received in good condition and fast shipping. mask is low quality fabric and allergenic to nose.,Color Family:Black-50PCS,18 Mar 2024,2
RJ R.,good,Color Family:White-50PCS,27 Feb 2024,5
Resham S.,kf94 Has arrived it but their material can protective virus nice to use face mask keep it touch.,Color Family:Matcha-50PCS,06 Feb 2024,5
Tan P.,"Great design, love it!,",Color Family:White-50PCS,23 Dec 2023,5
Gina L.,received the products in good condition.thank you seller.,Color Family:White-50PCS,16 Nov 2023,4
cavan,"Thanks seller delivery very fast,... always surport... repeat order... Recommended",Color Family:Black-50PCS,15 Jul 2023,5
âœ¨***âœ¨,good,Color Family:Black-50PCS,19 Apr 2023,5
Kok L.,å¾ˆå¥½,Color Family:White-50PCS,13 Apr 2023,5
********622,"Good packing,Fast delivery in good condition, wrap good with bubble bags in bag,worth to buy it,it's fare price and I can't wait to use it.Thanks Seller.",Color Family:White-50PCS,30 Aug 2022,5
Christine C.,received,Color Family:Rose Gold-50PCS,21 Sep 2022,5
Tan L.,received.,Color Family:White,29 Apr 2022,5
Shakira,tak nipis,Color Family:White,27 Apr 2022,5
Garol Y.,item received in good condition with nice packaging and buy again,Color Family:White-50PCS,22 Jun 2022,5
*******982,ğŸ‘ğŸ‘ğŸ‘gd,Color Family:Grey-50PCS,15 Feb 2024,5
NUR I.,A good product,Color Family:Black-50PCS,02 Jan 2024,5
chris L.,mantap top good mantap top good mantap top good mantap top good,Color Family:Black-50PCS,05 Sep 2022,5
****4,"Happy, happy, order again if Im out of stock. Bye yiii Thankyou again",Color Family:White-50PCS,04 Oct 2023,5
0***0,very fast delivery and very worth the money as kids are still using for school,Color Family:Grey-50PCS,09 Jul 2023,5
Robert L.,Everything is good,Color Family:White-50PCS,19 Jan 2024,5
Jason Y.,Good,Color Family:Black-50PCS,19 Jan 2024,5
EVELYN Y.,Good,Color Family:White-50PCS,1  week ago,5
C***.,"good value for money
fast delivery and excellent service by seller",Color Family:White-50PCS,11 Oct 2023,5
a***7,thank seller and delivery men,Color Family:Dark blue-50PCS,23 Jul 2023,5
Cherine H.,2nd time order from same seller. Perfect size for adult. Just dont use more than use 12 hour.,Color Family:Black-50PCS,14 Nov 2023,5
hanimnur81,erbaik,Color Family:Dark blue-50PCS,17 Jan 2024,5
Lee P.,thanks seller and delivery men for 1st delivery,Color Family:Dark blue-50PCS,20 Dec 2023,4
Lau L.,"Quality ok, original",Color Family:White-50PCS,11 Dec 2023,5
Lau L.,"Great design, love it!,",Color Family:Dark blue-50PCS,11 Dec 2023,5
NG S.,quality a bit thin,Color Family:White-50PCS,30 Dec 2023,5
Kew,good,Color Family:White-50PCS,01 Jul 2023,5
Theresa T.,"Thanks seller, .. good items always repeat order ğŸ‘Œ Recommended",Color Family:Black-50PCS,06 Sep 2023,5
Noor H.,good product and fast delivery,Color Family:Black-50PCS,07 Aug 2023,5
Ann K.,I already received with good quality and good condition.thanks sellers,Color Family:Black-50PCS,14 Dec 2023,5
Yeang C.,good,Color Family:Black-50PCS,13 Dec 2023,5
M***ï¿½,nogood,Color Family:White-50PCS,26 May 2023,5
M***.,"Nice service, good packaging , fast delivery ,will purchase next time again",Color Family:Dark blue-50PCS,12 Aug 2022,4
L***.,"The material is soft but the white colour is too thin compare to black. However, it fits my daughterâ€™s face perfectly. It is worth the priceğŸ‘ğŸ»",Color Family:White-50PCS,02 Jul 2022,4
Maha D.,bagus,Color Family:Dark blue-50PCS,04 Dec 2023,5
D***.,ğŸ‘ğŸ‘....no comments...,Color Family:Matcha-50PCS,10 Sep 2022,5
nahar J.,I bought 150 pcs of mask. It is breathable and also suitable for daily use.,Color Family:Black-50PCS,07 Sep 2022,5
Rosli B.,Tq seller.received in good condition .,Color Family:Matcha-50PCS,02 Sep 2022,5
Annizan62,"Barang diterima dengan baik.
Kuantiti mencukupi.
TQ Seller.",Color Family:Black-50PCS,27 Aug 2022,5
TING S.,"quality of masks up to my expectation, thanks to seller and the courier",Color Family:White-50PCS,27 Aug 2022,5
Tan K.,Good product quality good value for money good product quality,Color Family:White-50PCS,24 Aug 2022,5
Siti A.,Tq sellerğŸ¥°...murah beli dgn seller ni...berbaloiğŸ’•ğŸ’•... Nnti nak repeat oder lagiğŸ˜˜ğŸ˜˜ğŸ˜˜,Color Family:Black-50PCS,23 Aug 2022,5
peiling L.,"mask quality good and very comfortable, fast delivery, cheaper price.",Color Family:White-50PCS,17 Aug 2022,5
NorHa S.,Mask hitam. Cukup ada 10 pack. Tapi nipis. Ok la asal bolh guna,Color Family:Black-50PCS,16 Aug 2022,5
Rosnita A.,received in good packing..yq,Color Family:Black-50PCS,15 Aug 2022,5
Umi B.,niceğŸ¥°ğŸ¥°ğŸ¥°ğŸ‘ğŸ‘ğŸ‘,Color Family:Black-50PCS,15 Aug 2022,5
C***.,Well received. 5 packets per unit of order. Will repeat in future. Thanks for the free gift - Duckbill face mask.,Color Family:Black-50PCS,13 Aug 2022,5
M***.,Very fast delivery. Mask quality is acceptable. Cost is alright reasonable.,Color Family:White-50PCS,12 Aug 2022,5
Howlau,"fast delivery, good value for money and good product quality, thanks seller.",Color Family:White-50PCS,09 Aug 2022,5
Lucas S.,item received as described.,Color Family:Black-50PCS,04 Aug 2022,5
S***.,Very satisfied..my 3rd times repurchased from trusted seller. their quality same as products information provided. Good job ğŸ‘ and delivery partner are fast too.,Color Family:White-50PCS,03 Aug 2022,5
Wenz C.,"Received, well packed and fast. Haven't tested yet. Courier guy left it outside during rainy season without ringing doorbell.",Color Family:Grey-50PCS,28 Jul 2022,5
1***8,Good condition ğŸ‘ ğŸ‘Œ ğŸ‘ ğŸ™Œ ğŸ™ ğŸ˜ ğŸ‘ ğŸ‘Œ ğŸ‘ ğŸ™Œ ğŸ™ ğŸ˜ ğŸ‘ ğŸ‘Œ ğŸ‘ ğŸ™Œ ğŸ™ ğŸ˜ ğŸ‘ ğŸ‘Œ,Color Family:Black-50PCS,28 Jul 2022,5
Muhammad S.,barang bagus dan puas hati. penghanataran pun cepat. tq seller..,Color Family:Black-50PCS,28 Jul 2022,5
Isyraf F.,All the masks received in good condition. Amount of masks tally with ordered amount. Best mask for sale bang for buck worth every ringgit. 10/10 recommended would order again.,Color Family:Black-50PCS,26 Jul 2022,5
Y***i,"Delivery is very fast ğŸ‘
Quality is good .
Very nice. Thank you â¤ï¸",Color Family:Black-50PCS,26 Jul 2022,5
elaine L.,Received in good condition. Quality ok. Quantity correct. Fast delivery. Thank you seller.,Color Family:White-50PCS,23 Jul 2022,5
1***3,Quality product baikğŸ‘ğŸ‘,Color Family:Black-50PCS,23 Jul 2022,5
muhammad A.,"just the standard size and material.
nothing much to talk about this item.",Color Family:White-50PCS,07 Jul 2022,5
Azizi A.,barang selamat sampai,Color Family:Black-50PCS,06 Jul 2022,5
D***.,fast delivery ... recommended seller ... thanks for the extra free gift ... appreciate it ğŸ™ğŸ™ğŸ™ğŸ™ğŸ™,Color Family:White-50PCS,01 Jul 2022,5
M***.,"Received atock in good condion,a bit slow on delivery but over all is ok.Thanks seller.",Color Family:White-50PCS,30 Jun 2022,5
M Y.,"Low price, the quality is good for daily usage. Just beware this is made in china, not Korea and not medical grade",Color Family:Grey-50PCS,25 Jun 2022,5
K***.,"Received after 2 days placing order
Very fast",Color Family:Black-50PCS,24 Jun 2022,5
i***.,fast delivery,Color Family:Matcha-50PCS,24 Jun 2022,5
L***y,thanks seller and thanks Lazada and thanks delivery partner,Color Family:White-50PCS,24 Jun 2022,5
Grace H.,Fast delivery ğŸ‘ Well packing ğŸ‘ Thank you seller â˜ºï¸,Color Family:Black-50PCS,23 Jun 2022,5
chang W.,Is slightly thinner than ori yukazan but still comfy and good. Fast delivery too. Competitive pricing. Tq seller,Color Family:Black-50PCS,22 Jun 2022,5
balakrisnan,nice...item received ready...thk use seller....terbaik..ğŸ‘ŒğŸ‘ŒğŸ‘ŒğŸ‘Œ,Color Family:Black,21 Jun 2022,5
Doakanaida K.,good ..tq seller,Color Family:White,09 Apr 2022,5
Amy L.,Received in good condition. Quality wise is good and will repurchase again.,Color Family:Black,05 Apr 2022,5
T***.,"Looks good, but still not using yet. Same like what advertised",Color Family:White-50PCS,15 Aug 2023,5
T***.,"Looks good, but still not using yet. Same like what advertised",Color Family:Rose Gold-50PCS,15 Aug 2023,5
Shirley P.,"ğŸ‘ğŸ‘ğŸ‘ğŸ‘terbaiklah barang yang dipesan sampai dngan selamat, sangat sangat disyorkan",Color Family:White-50PCS,23 Jul 2022,5
H***.,"despite the seller take some times to ship out, overall is OK with the products",Color Family:Black-50PCS,30 Aug 2022,5
Joan K.,The strap of the mask for grey option was different but seller already refunded my money. A+ for the service.,Color Family:Grey-50PCS,01 Aug 2022,5
M***ï¿½,"Nice service, good packaging , fast delivery ,will purchase next time again",Color Family:Black-50PCS,29 Jun 2022,5
LINDA T.,Products arrived fast and wrapped in good condition. TQ Seller. On quality wise it's quite thin compared to earlier ones.,Color Family:White-50PCS,02 Sep 2022,5
T***.,Items received in good condition. So far no defects from items with this brand. Satisfied with quality for this price.,Color Family:Rose Gold-50PCS,06 Sep 2022,5
A***.,"received in good condition, the mask look good, thing but useful. fit for man n woman face.",Color Family:Black-50PCS,24 Aug 2022,5
Anson K.,very good,Color Family:White-50PCS,29 Nov 2023,5
YOGESWARY M.,"delivery no any issues, but the quality is not similar as we purchase from shop. a bit thin layer",Color Family:Grey-50PCS,05 Aug 2022,5
Shy P.,nice!,Color Family:Black,28 Apr 2022,5
c***.,The quality and appearance are good. Will order again.,Color Family:Grey-50PCS,18 Aug 2023,5
1***8,satisfied with my order and I will order again ğŸ™‚ğŸ˜Šâ˜ºï¸ğŸ˜ŠğŸ˜ŠğŸ™‚ğŸ˜ƒâ˜ºï¸â˜ºï¸â˜ºï¸â˜ºï¸â˜ºï¸â˜ºï¸â˜ºï¸â˜ºï¸â˜ºï¸â˜ºï¸â˜ºï¸â˜ºï¸â˜ºï¸â˜ºï¸â˜ºï¸â˜ºï¸â˜ºï¸â˜ºï¸â˜ºï¸â˜ºï¸,Color Family:Black-50PCS,30 Jun 2022,5
1***1,good,Color Family:Black-50PCS,22 Nov 2023,4
Chan C.,good,Color Family:White-50PCS,19 Nov 2023,5
E***.,good,Color Family:Black-50PCS,27 Jul 2022,5
Vincent T.,"Worth every penny spent, well packing with no destroy at the parcel.",Color Family:Grey-50PCS,25 Jul 2022,5
L***.,Nice mask fast delivery but have some odor on the mask and the mask,Color Family:Black-50PCS,23 Jul 2022,5
C***.,Delivery time as expected. Good packaging and satisfied with the quality,Color Family:Grey-50PCS,14 Jul 2022,5
HENG N.,The product is received in appropriate condition & quantity.,Color Family:White-50PCS,21 Jul 2023,4
Soo F.,Item received in good condition.Mask quality is satisfactory.,Color Family:Black-50PCS,21 Jun 2023,5
Frances W.,good received as advertised good received as advertised person,Color Family:Black-50PCS,19 Jul 2022,5
Lee M.,comfortable and soft. the ear loop not too tight very comfortable.,Color Family:Grey-50PCS,12 Nov 2023,5
Lee M.,Good,Color Family:Rose Gold-50PCS,12 Nov 2023,5
R***.,"this is the second time i ordered from this seller. It's very disappointed, the quality and colour totally different with the 1st time that i ordered. this is not Matcha colour. and the quality of the face mask is very thin.",Color Family:Matcha-50PCS,14 Jul 2022,5
Nurul A.,"best, thanks seller. the material was thin but okay for hot weather waering.",Color Family:White-50PCS,16 Jul 2022,5
l***.,"alhamsulilah barang selamat sampai,sorry lmbt bagi ulasan rhank you",Color Family:Black-50PCS,29 Jul 2022,5
C***.,"Received in 2 days, value for money.",Color Family:White-50PCS,16 Sep 2023,5
LI L.,"Good quality, keep it up",Color Family:White-50PCS,28 Oct 2023,5
P***.,è´¨é‡å¾ˆå¥½,Color Family:White-50PCS,05 Jun 2023,5
Kei K.,Good quality delivery on time .........................,Color Family:Black-50PCS,18 May 2023,5
Theresa T.,received  good condition.  I always  buy from here. tq,Color Family:Black-50PCS,11 May 2023,5
Lum S.,"Thanks seller,... product very good always repeat order ğŸ‘Œ",Color Family:Black-50PCS,05 Oct 2023,5
Sam C.,Good condition.,Color Family:White-50PCS,25 Oct 2023,5
Yeo K.,received with good condition,Color Family:White-50PCS,24 Sep 2023,5
Emma,fast response n received,Color Family:Black-50PCS,18 Oct 2023,5
1***6,items received,Color Family:Dark blue-50PCS,15 Oct 2023,5
1***9,good,Color Family:Black-50PCS,06 Oct 2023,5
Ann K.,"ok ,good",Color Family:White-50PCS,09 Oct 2023,5
KK C.,Best.,Color Family:Dark blue-50PCS,09 Oct 2023,5
Yee T.,good,Color Family:White-50PCS,10 Sep 2023,5
Maha D.,Received within 2 days,Color Family:Black-50PCS,02 Oct 2023,5
Rekha S.,ThanksğŸ‘,Color Family:Grey-50PCS,30 Sep 2023,5
I***.,ThanksğŸ‘,Color Family:Black-50PCS,22 Sep 2023,5
Min M.,Good products,Color Family:Black-50PCS,22 Sep 2023,5
Min M.,suitable for price,Color Family:Dark blue-50PCS,22 Sep 2023,5
M***.,Good...,Color Family:White-50PCS,23 Aug 2022,5
TAN K.,cantik,Color Family:Black-50PCS,02 Sep 2023,5
Lok M.,Received in good condition,Color Family:White-50PCS,27 Sep 2023,5
C***a,Reasonable price,Color Family:Rose Gold-50PCS,25 Sep 2023,5
K***.,é»‘è‰²å’Œç™½è‰²çš„å£ç½©ç«Ÿç„¶ä¸æ˜¯åŒä¸€ä¸ªç‰Œå­çš„ï¼Œå¥‡æ€ª!,Color Family:Black-50PCS,03 Jun 2022,4
Mohamed S.,"delivery takes time, Well received in good condition, good packaging but less 1pkt of face mask maybe they count in the free gift also",Color Family:White,18 Sep 2023,5
SU H.,Good ğŸ‘ quality,Color Family:Dark blue-50PCS,18 Sep 2023,5
Felicia N.,Item received in good condition,Color Family:Grey-50PCS,07 Jul 2023,5
Tang L.,"Everything good , fast delivery",Color Family:Black-50PCS,09 Jun 2023,5
WAN Y.,great quality at an affordable price,Color Family:Black-50PCS,12 Sep 2023,5
WAN Y.,good ğŸ‘ğŸ‘ğŸ‘ğŸ‘ğŸ‘,Color Family:White-50PCS,12 Sep 2023,5
********811,good,Color Family:White-50PCS,12 Sep 2023,5
zainal I.,good,Color Family:Black-50PCS,09 Sep 2023,5
Nor S.,Love it! Thanks ğŸ™ğŸ»,Color Family:Black-50PCS,16 Aug 2023,5
Lee M.,Good,Color Family:Dark blue-50PCS,07 Sep 2023,5
0***9,Good,Color Family:Rose Gold-50PCS,09 Aug 2023,5
koh A.,cheap n fast delivery,Color Family:White-50PCS,06 Jul 2023,5
Kwok C.,Received in good condition,Color Family:Black-50PCS,28 May 2023,4
*******896,Quality is maintained.,Color Family:White-50PCS,12 May 2023,4
1***9,baik,Color Family:Black-50PCS,22 Aug 2023,5
AMY T.,Good,Color Family:Dark blue-50PCS,14 Aug 2023,4
Woo H.,Good,Color Family:White-50PCS,08 Aug 2023,5
Hana A.,good ğŸ‘,Color Family:Dark blue-50PCS,05 Aug 2023,5
J***k,ok,Color Family:Black-50PCS,26 Jul 2023,5
1***6,Fast delivery ğŸ‘ğŸ¼,Color Family:Black-50PCS,03 Jul 2023,5
J***.,received thank you,Color Family:White-50PCS,26 Jun 2023,5
Tan S.,good,Color Family:Black-50PCS,18 Jun 2023,5
ko T.,good,Color Family:White-50PCS,12 Jun 2023,5
****6,Good,Color Family:Black-50PCS,01 Jun 2023,5
Richard S.,ğŸ˜˜ğŸ‘fast delivery,Color Family:Rose Gold-50PCS,24 May 2023,5
P***.,good qualityğŸ‘,Color Family:Matcha-50PCS,17 May 2023,4
s***n,zx,Color Family:Grey-50PCS,16 May 2023,5
chee C.,æ„Ÿè§‰æœ‰ç‚¹å°size,Color Family:Black-50PCS,11 May 2023,5
0***2,good,Color Family:White-50PCS,14 Aug 2022,5
D***D,Thank you very much to the seller. It took two days from the order to receive the goods. The mask has a box. The children's kn95 is individually packaged. It is suitable for my 8-year-old child. It is also very comfortable for adults to wear.,Color Family:Grey,20 Mar 2022,5
D***D,Received the product in two days. A very nice seller also gave me a 10pcs mask. The quality of the mask is very good. My children and I like it very much.,Color Family:Grey,20 Mar 2022,5
Renan G.,very fast and prompt delivery. item received in good condition.,Color Family:Matcha-50PCS,13 Nov 2022,5
ngjiahuihui,goodddd....ğŸ‘,Color Family:Black-50PCS,31 Jul 2022,5
Lim G.,good quality mask & fast delivery too. thank you seller,Color Family:Black-50PCS,26 Jun 2022,5
Zaleha Z.,Ok...Dah sampai,Color Family:Black-50PCS,21 Aug 2022,5
S***.,so fast so good ğŸ‘ğŸ‘ğŸ‘ğŸ˜˜ğŸ˜˜ğŸ˜˜ğŸ‘ŒğŸ‘ŒğŸ‘Œ thank you very much ğŸ‘ğŸ‘ğŸ‘ğŸ‘ŒğŸ‘ŒğŸ‘ŒğŸ˜ŠğŸ˜ŠğŸ˜Š,Color Family:White,29 May 2022,5
Tan L.,Good received in good condition. Very fast delivery. Thank you seller.,Color Family:Grey-50PCS,18 Dec 2022,5
Muhamad S.,good product quality good value for money and fast shipping,Color Family:Black-50PCS,17 Jul 2022,5
Y***.,"å“è´¨ä¸€èˆ¬ï¼Œæœ‰ä¸€ç‚¹ç‚¹ç²—ç³™ï¼Œå¤§è‡´ä¸Šæ˜¯å¹²å‡€èƒ½æ¥å—çš„ã€‚è¿è¾“å¿«é€Ÿã€‚overall acceptable, smell a little bit, compare to colour type are much better. Easy to breath.",Color Family:White-50PCS,18 Sep 2022,5
Eunice T.,2nd time order. Fast delivery and Material/ price acceptable.,Color Family:Rose Gold-50PCS,22 Mar 2023,5
ainin S.,"penghantaran sangat cepat,kualiti pn ok n harga pn murah berbaloi beli.. tq sellerğŸ‘ğŸ‘ğŸ‘ğŸ‘",Color Family:Black,19 Jun 2022,5
Valerie N.,Arrived in gd condition. Good value.. but don't think really made in Korea.,Color Family:White-50PCS,14 Aug 2022,5
******635,Barang diterima dengan selamat dan cukup harap barang berkualiti dan berjamin saya suka good packing ğŸ‘ğŸ‘ğŸ‘ğŸ‘ğŸ‘,Color Family:White-50PCS,10 Jul 2022,5
Tan K.,Good product quality good value for money fast delivery good seller service,Color Family:Black-50PCS,12 Mar 2023,5
Tan L.,Very fast delivery. Received in good condition. Thank you seller.,Color Family:Black-50PCS,26 Mar 2023,5
Helen C.,,Color Family:Black-50PCS,16 Mar 2023,5
Tan S.,,Color Family:Grey-50PCS,19 Oct 2022,5
Jesmond K.,â½â½à¬˜ğŸ˜‡à¬“â¾â¾â½â½à¬˜ğŸ˜‡à¬“â¾â¾â½â½à¬˜ğŸ˜‡à¬“â¾â¾â½â½à¬˜ğŸ˜‡à¬“â¾â¾â½â½à¬˜ğŸ˜‡à¬“â¾â¾â½â½à¬˜ğŸ˜‡à¬“â¾â¾â½â½à¬˜ğŸ˜‡à¬“â¾â¾â½â½à¬˜ğŸ˜‡à¬“â¾â¾â½â½à¬˜ğŸ˜‡à¬“â¾â¾â½â½à¬˜ğŸ˜‡à¬“â¾â¾,Color Family:Black-50PCS,15 Jan 2023,5
h***.,"feel disappointed, I ordered 50 black, 50 grey, 50 white, but received 50 white & 100 black instead... ğŸ˜’",Color Family:Black,19 Mar 2022,5
Wendy S.,Good product . Will buy it again,Color Family:White,19 Mar 2022,5
Chang C.,,Color:Black,17 May 2022,5
EvanYong,niceğŸ‘ğŸ»,Color Family:White-50PCS,14 Mar 2024,5
Lee F.,quality thin not like normal kf94 mask but delivery fast.,Color Family:Grey-50PCS,02 Dec 2023,2
Lee F.,quality thin n not very good but very fast delivery,Color Family:Dark blue-50PCS,02 Dec 2023,2
Yan E.,,Color Family:Black-50PCS,02 Jul 2024,5
Yan E.,,Color Family:White-50PCS,02 Jul 2024,5
lim C.,,Color Family:Dark blue-50PCS,19 Jun 2024,5
Tang C.,,Color Family:Black-50PCS,26 May 2024,5
SAY L.,,Color Family:White-50PCS,16 May 2024,5
P***.,,Color Family:White-50PCS,30 Sep 2023,5
R***.,,Color Family:Grey-50PCS,12 Oct 2023,5
LAI S.,,Color Family:Grey-50PCS,11 Oct 2023,5
LAI S.,,Color Family:Dark blue-50PCS,11 Oct 2023,5
Hairul A.,Terbaik,Color Family:Grey,05 Jun 2022,5
*******648,,Color Family:Black-50PCS,22 Sep 2023,5
Iswaran M.,only get 9 pack,Color Family:Black-50PCS,15 May 2023,5
blue R.,"hi seller, ordered item received with good condition, i will repeat order soon.",Color Family:Black-50PCS,18 Sep 2023,5
NG S.,good,Color Family:White-50PCS,24 Dec 2023,5
Vivien L.,,Color Family:Black-50PCS,11 Sep 2023,5
Kinki S.,,Color Family:Grey-50PCS,10 Sep 2022,5
Dedy T.,ok lah,Color Family:Black-50PCS,24 Mar 2023,5
See S.,,Color Family:Black-50PCS,06 Sep 2023,5
Ling S.,"received in good order and condition, thank you very much seller.",Color Family:White-50PCS,16 Mar 2022,5
P***.,æ»¡æ„,Color:Grey,17 Aug 2023,5
1***3,all good . can buy,Color Family:Black-50PCS,16 Mar 2023,5
Theresa T.,"thanks seller,..sure repeat order... delivery very fast ğŸ‘Œ",Color Family:Black-50PCS,16 Mar 2023,5
OOI B.,Nice to wear and my daughter like this colour,Color Family:Black-50PCS,13 Mar 2023,5
Tham C.,Quality is good. Speedy delivery. Packing just normal. Tq seller.,Color Family:Black-50PCS,09 Mar 2023,5
Marissa,"good quality and fit, came very quickly and this is my 3rd time buying from this supplier",Color Family:White-50PCS,06 Mar 2023,5
AgnesQ,inner layer of mask is damn rough... regret buying,Color Family:Black-50PCS,27 Feb 2023,5
Jessy L.,goodğŸ‘ğŸ‘ğŸ‘,Color Family:White-50PCS,03 Feb 2023,5
Theresa T.,"Thanks seller,.. delivery very fast sure repeat order ğŸ‘ŒğŸ˜ŠğŸ˜Š",Color Family:White-50PCS,26 Jan 2023,5
Abdul L.,"Excellent as always. Masks are consistently good, which is why I always reorder from them",Color Family:Grey-50PCS,23 Jan 2023,5
Rajen,ok satisfied with product and delivery on time,Color Family:Grey-50PCS,20 Jan 2023,5
Sharvin,EVERYTHING IS GREAT,Color Family:Black-50PCS,17 Jan 2023,5
saiful,barang sampai,Color Family:Black-50PCS,13 Jan 2023,5
B***.,"Cheaper price, comfortable to wear and repeat order",Color Family:White-50PCS,09 Jan 2023,5
Mohammad A.,"good quality, tnq seller",Color Family:White-50PCS,04 Jan 2023,5
1***9,æ£’ å¾ˆå¿«å°±æ”¶åˆ°äº†ğŸ‘,Color Family:Black-50PCS,03 Jan 2023,5
N***.,Fast delivery,Color Family:Grey-50PCS,03 Jan 2023,5
Shanker R.,Fast Delivery,Color Family:White-50PCS,02 Jan 2023,5
SARIMI B.,"Terima kasjh, bilangan mencukupi dan terima kasih juga pada deliver",Color Family:Black-50PCS,28 Dec 2022,5
Hyperjasper,received in good order,Color Family:Matcha-50PCS,23 Dec 2022,5
Sandy W.,"Material ok, delivery fast, but maybe mask a bit small for me, always slip off my nose",Color Family:Rose Gold-50PCS,23 Dec 2022,5
1***3,received in good condition.  always buy.,Color Family:Black-50PCS,22 Dec 2022,5
Pat M.,prompt delivery. packaging good. my 2nd order. product good quality ğŸ‘ğŸ‘ğŸ‘,Color Family:Grey-50PCS,20 Dec 2022,5
r***.,Very fast delivery n product is good quality. This is my third purchase.tq,Color Family:White-50PCS,19 Dec 2022,5
SW,satisfied,Color Family:Black-50PCS,13 Dec 2022,5
Brian W.,"Budget mask, overall is thinner than expensive one but give and take is expected for budget mask",Color Family:Black-50PCS,12 Dec 2022,5
I***.,received with good condition and thanks buyer,Color Family:Black-50PCS,12 Dec 2022,5
Apon S.,Aku order 200.pcs........ ada dapat 160...,Color Family:Black-50PCS,10 Dec 2022,5
AZRIN B.,Received item in good condition & well packed,Color Family:Black-50PCS,03 Dec 2022,5
*******566,Quality no bad and fast delivery. Will buy again.,Color Family:White-50PCS,01 Dec 2022,5
C***.,"this it's my second purchase, value for monies.",Color Family:Matcha-50PCS,23 Nov 2022,5
Azlan B.,terima kasih,Color Family:Rose Gold-50PCS,16 Nov 2022,5
HC L.,"packing qty not consistant, many pack only 9 pcs not 10 as per mention
please check",Color Family:White-50PCS,16 Nov 2022,5
Susan L.,Repeat orders again! This is my favourite mask & good products.,Color Family:Black-50PCS,12 Nov 2022,5
Sharon T.,good quality!,Color Family:Matcha-50PCS,11 Nov 2022,5
Celine L.,worth buying,Color Family:Black-50PCS,09 Nov 2022,5
1***7,Barang dah sampai..,Color Family:Matcha-50PCS,09 Nov 2022,5
chinthai,Material Quality not as expected...,Color Family:Grey-50PCS,09 Nov 2022,5
Subhana S.,Really good shipping and I got my order within 5 days. Very efficient and good packaging as well,Color Family:Black-50PCS,24 Oct 2022,5
ç¾ç¾ æ.,"fast delivery,good product, recommend good good good good",Color Family:Black-50PCS,20 Oct 2022,5
ng K.,Tp nipis sikit masknya. Overall okğŸ‘ğŸ‘ğŸ‘ğŸ‘ğŸ‘ğŸ‘ğŸ‘ğŸ‘,Color Family:White-50PCS,18 Oct 2022,5
T***.,received in good condition. nicely packed. good product bought a few times.,Color Family:Black-50PCS,15 Oct 2022,5
F***.,Received in good condition. Nicely packed. Good product. Bought 2 times.,Color Family:Black-50PCS,15 Oct 2022,5
X***.,Quick delivery and product is good.,Color Family:White-50PCS,01 Oct 2022,5
0***4,Fast delivery.Product arrived at good condition. Will buy from this seller again.,Color Family:Black-50PCS,28 Sep 2022,5
Lim K.,fast delivery.,Color Family:Grey-50PCS,23 Sep 2022,5
Muhammad S.,dah sampai tq yaaaaaaa ... nnti i repeat lg beli sini okehhh,Color Family:Black-50PCS,22 Sep 2022,5
BELINDA L.,"Fast delivery 
Reasonable price 
Good product 
Good quality 
Will repeat order",Color Family:White-50PCS,21 Sep 2022,5
teo L.,barang sudah sampai quality ok anak pakai do kl barang pun cepat sampai,Color Family:Black-50PCS,17 Sep 2022,5
Muhammad A.,terima kasih mask berkualiti dan cantik. selamat sampai,Color Family:Black-50PCS,15 Sep 2022,5
1***9,shipping was fast. material a bit thin but ok,Color Family:White-50PCS,13 Sep 2022,5
Lui T.,Good and like this type KF94 mask in comparison with the duck bill type which is too small for adult with bigger face frame. Hahahaha,Color Family:Black-50PCS,21 Jul 2022,5
BOa B.,"Delivery issue, unsucessful deliver due to overloaded, apa ni",Color Family:Matcha-50PCS,21 Jul 2022,5
alifapek,brg cpt smpi..50pcs ckup..tq seller,Color Family:Black-50PCS,19 Jul 2022,5
LIM H.,received in good condition,Color Family:White-50PCS,18 Jul 2022,5
S***m,Nice and happy with it,Color Family:White-50PCS,16 Jul 2022,5
Siti H.,review in good condition,Color Family:Grey-50PCS,14 Jul 2022,5
M***.,Fast delivery.,Color Family:White-50PCS,14 Jul 2022,5
M***.,Saiz mask kecil sikit. Kualiti okay. Penghantaran pun laju.,Color Family:Grey-50PCS,13 Jul 2022,5
Teu Y.,Well received,Color Family:Black-50PCS,13 Jul 2022,5
Sua T.,Item received in good paking and fast delivery thanks,Color Family:White-50PCS,13 Jul 2022,5
*******678,"Quality not that good, thin and doesn't look like KF 94, very disappointed.",Color Family:Grey-50PCS,12 Jul 2022,5
Desmond Y.,Worthy to buy,Color Family:White-50PCS,09 Jul 2022,5
Janet C.,Good quality Mask.,Color Family:White-50PCS,08 Jul 2022,5
Kenneth C.,Fast delivery as always. Awesome,Color Family:Black-50PCS,29 Jun 2022,5
M***i,very fast delivery thanks for Lazada n seller,Color Family:Black-50PCS,28 Jun 2022,5
Jessica T.,"all good, fast delivery, good packaging.. can buy again",Color Family:White-50PCS,28 Jun 2022,5
1***7,Products received in good condition and OK for me,Color Family:White,27 Jun 2022,5
noor A.,"mask layer a bit thin. 
comfortable to use it.
affordable.",Color Family:White-50PCS,23 Jun 2022,5
L***g,received in good condition...fast delivery...thank youğŸ‘ğŸ‘ğŸ‘,Color Family:Grey,18 Jun 2022,5
æœ‰***.,äº”æ˜Ÿå¥½è©•+å–„æ„æé†’ï¼ŒåŒ…è£¹çš„åŒ…è£æœ‰å¾…æ”¹é€²ï¼Œåªæ˜¯ä¸€å€‹é»‘è¢‹å­æ˜¯å¤ªå–®è–„äº†ï¼ŒçœŸå¿ƒæé†’ï¼Œå¸Œæœ›åˆ¥ä»‹æ„,Color Family:White,14 Jun 2022,5
Zoe Y.,Good quality value of money.,Color Family:White Green,14 Jun 2022,5
Muhamamd A.,"The mask is great, as expected. Well and securely packed",Color Family:Black,11 Jun 2022,5
Ho F.,Very comfortable. Nice packaging.,Color Family:White Green,10 Jun 2022,5
Wilson W.,"best in the world.  no vacc, no problem.",Color Family:Black,10 Jun 2022,5
Mohd T.,very goodğŸ‘,Color Family:Grey,10 Jun 2022,5
O***.,"received in good condition, fast shipping n delivery",Color Family:Grey,10 Jun 2022,5
C***.,Nice communication with seller,Color Family:White,08 Jun 2022,5
S***.,"Good quality ğŸ‘ğŸ‘ğŸ‘
Edge of face mask was nice.",Color Family:White,01 Jun 2022,5
Nadira A.,happy with the purchase ğŸ˜ğŸ‰ğŸ¥³ğŸˆğŸŒŸğŸŒŸğŸŒŸğŸŒŸğŸŒŸ,Color Family:Grey,30 May 2022,5
s***h,perfect Nice fitting highly recommended thank you seller,Color Family:Black,30 May 2022,5
Lum W.,"great packaging ğŸ“¦
fast delivery ğŸšš",Color Family:Grey,27 May 2022,5
David H.,Very fast delivery thank you seller,Color:White,24 May 2022,5
Insanur L.,"material bagus, dan tebalğŸ‘ğŸ‘",Color:White,23 May 2022,5
Ong K.,good quality but delivery took time perhaps due to demand,Color Family:White,13 May 2022,5
lisa N.,not open d parcel yet,Color Family:Grey,12 May 2022,5
h***s,ğŸ‘ŒğŸ‘ŒğŸ‘ŒğŸ‘ŒğŸ‘ŒğŸ‘ŒğŸ‘ŒğŸ‘ŒğŸ‘ŒğŸ‘ŒğŸ‘ŒğŸ‘ŒğŸ‘ŒğŸ‘ŒğŸ‘ŒğŸ‘ŒğŸ‘ŒğŸ‘ŒğŸ‘ŒğŸ‘ŒğŸ‘ŒğŸ‘ŒğŸ‘ŒğŸ‘ŒğŸ‘ŒğŸ‘ŒğŸ‘ŒğŸ‘ŒğŸ‘ŒğŸ‘ŒğŸ‘ŒğŸ‘ŒğŸ‘ŒğŸ‘ŒğŸ‘ŒğŸ‘ŒğŸ‘ŒğŸ‘ŒğŸ‘ŒğŸ‘ŒğŸ‘ŒğŸ‘ŒğŸ‘ŒğŸ‘ŒğŸ‘ŒğŸ‘ŒğŸ‘ŒğŸ‘ŒğŸ‘ŒğŸ‘ŒğŸ‘ŒğŸ‘Œgood,Color Family:Black,12 May 2022,5
Muhd A.,Reasonable price and good seller,Color Family:Black,09 May 2022,5
0***3,worth the price. not too thin.  fast delivery.  thank youuuuuuu.,Color Family:Grey,07 May 2022,5
tan M.,great fast delivery thanks ğŸ˜Š haha good ğŸ‘ğŸ‘ğŸ‘,Color Family:Grey,05 May 2022,5
1***3,Kemas dan baik cuma penghantaran lmbt skit.... Overall Kemas Dan selasa,Color Family:Black,30 Apr 2022,5
arulandu,value for money.tq,Color Family:Grey,28 Apr 2022,5
Eng L.,Very niceğŸ‘ğŸ‘thank you sellerğŸ˜Š,Color:Rose Gold,28 Apr 2022,5
Theresa C.,"ğŸ‘ğŸ‘ğŸ‘ Resonable price
Donated to streets people",Color Family:White,28 Apr 2022,5
1***4,fast delivery,Color Family:Black,28 Apr 2022,5
Kristine N.,Took longer than expected to arrive but quality is good for price paid.,Color Family:Black,27 Apr 2022,5
jeyanthi C.,received in good condition,Color Family:Black,23 Apr 2022,5
Chan W.,Received in good condition,Color Family:White,20 Apr 2022,5
Chai W.,Arrived correct quantity.,Color Family:White,20 Apr 2022,5
Calvin C.,Fast delivery and the mask in comfortable,Color Family:Grey,20 Apr 2022,5
Trudy H.,item is fine. delivery not great though,Color Family:White,19 Apr 2022,5
Moon Y.,Thanks seller ğŸ‘ğŸ‘ğŸ‘,Color Family:White,19 Apr 2022,5
ISKANDAR Z.,received with good condition,Color Family:Black,19 Apr 2022,5
1***3,fast delivery,Color:White,18 Apr 2022,5
********283,mask sampai dengan cepat,Color Family:Black,18 Apr 2022,5
Ngoomeijuan,å“è´¨å¾ˆå¥½ï¼Œå‘è´§ä¹Ÿå¾ˆå¿«ğŸ¥°,Color:White,18 Apr 2022,5
Elva C.,nice to wear this my second order,Color Family:Grey,12 Apr 2022,5
Norazlinah A.,barang sudah sampai.. terima kasih,Color:Black,11 Apr 2022,5
puan A.,kecik mask mcm mask budakÂ² dah tu nipis  sgat.. qasa x berbaloi ja beli,Color Family:White,11 Apr 2022,5
1***7,"The masks are wonderful to wear.  However, on opening the first packet there were only 9 instead of 10 inside!",Color Family:Black,09 Apr 2022,5
YC C.,,Color Family:White-50PCS,08 Aug 2023,5
Suzie S.,very good product ğŸ˜‚ğŸ™‚ best ğŸ™‚ğŸ‘,Color Family:White-50PCS,22 Dec 2022,5
AZRIN B.,Received goods condition & well packed,Color Family:Black-50PCS,10 Sep 2022,5
Sudha C.,good quality comptble to us so many of time purchase rdy,Color Family:Black-50PCS,15 Jul 2022,5
Navaneetham V.,Happy with product and quality....,Color Family:Matcha-50PCS,14 Jul 2022,5
n***i,received in good condition worth buying fast delivery,Color Family:Black-50PCS,28 Jun 2022,5
Winston L.,Value for money,Color Family:Grey-50PCS,21 Jun 2022,5
Noor A.,good quality and price is cheap,Color Family:Black,13 Jun 2022,5
Mizs R.,Barang cukup.. Harga murah.. Puas hati.. Nanti blh repeat oder lagi...,Color Family:Black,07 Jun 2022,5
NurQamarina M.,"fast shipping, comfortable to wear, very recommended seller",Color Family:Black,01 Jun 2022,5
L***e,"Perfectttttttttttttt and comfyyyyyyyyy.
So affordableeeeee",Color Family:Grey,30 May 2022,5
Josette K.,Well received in good time-fast delivery by seller. Tq,Color Family:Grey,28 May 2022,5
Fiza A.,brg dah sampai,Color Family:Black,23 May 2022,5
0***0,Shipped 8 instead of 10pcs of my order but instantaneous follow up action by seller was remarkable. I rcvd the balance of the 2pcs plus was given an additional piece to make up for the error .,Color Family:White-50PCS,23 Sep 2022,5
V***.,very fast delivery. ty,Color Family:Black-50PCS,09 Jul 2022,5
Mohan,good quality,Color Family:White-50PCS,08 Jul 2022,5
ILIAS H.,Item received in good condition.Tq so much to all.,Color Family:Grey,14 Jun 2022,5
Shaharuddin S.,product tak bagus tali byk yg putus,Color Family:Black,10 Jun 2022,5
Adi W.,"received in good condition.  just tt first time try on the black color, the ear string easy to come out. Tali telinga cepat putus.",Color Family:White,01 Jun 2022,5
J***.,Quite happy with it. Third (or fourth) time ordering it already.,Color Family:White Green,27 May 2022,5
Rohaya A.,barang dh sampai.pembungkusan terbaik.,Color Family:Black,23 May 2022,5
Lynnie K.,"The masks are too thin, dare not use",Color Family:Grey,16 May 2022,5
*******321,Product sent as per displayed. ğŸ‘,Color Family:White,10 May 2022,5
Christopher P.,"received the product according to what I ordered.
product are also 4 ply as they mentioned.
satisfied with the seller",Color Family:Grey-50PCS,21 Sep 2022,5
kathireveloo,received in good condition tqvm,Color Family:Black-50PCS,19 Sep 2022,5
1***6,"Good quality product. Feel comfortable when putting on, cause of the design at the mouth is spacious.mThis is my repeated order.",Color Family:Grey-50PCS,09 Sep 2022,5
1***2,"so far it's acceptable, the straps do not get loose so fast.",Color Family:Grey-50PCS,19 Jul 2022,5
Foong Y.,value for money,Color Family:White-50PCS,12 Jul 2022,5
tan G.,its kind of smaller sized compared to another shop's product. it is also thinner. hmmm,Color Family:Grey,09 Jun 2022,5
caroline G.,received n very fast delivery,Color Family:White Green,31 May 2022,5
Hui999,niceeeeeeee sesuai dan cantek,Color Family:White,25 May 2022,5
Sudha C.,good quality  comptble  to were,Color Family:Black,23 May 2022,5
Jaya S.,fast delivery will buy again thank you,Color Family:Black-50PCS,08 Oct 2022,5
Foong L.,product is made from China and not as described,Color Family:White-50PCS,08 Jul 2022,5
Faizah B.,"bagus,  cepat sampai",Color Family:Grey-50PCS,04 Jul 2022,5
t***.,Product received in good condition.,Color Family:White-50PCS,22 Jun 2022,5
Natasha A.,Received item in good order.,Color Family:White,15 Jun 2022,5
M***.,fast delivery,Color Family:Black,07 Jun 2022,5
Wei F.,"has been repeating order from seller. the mask is comfortable, fits well on face, covering the areas on nose and mouth up till below chin. recommended seller f
ğŸ‘",Color Family:Black,04 Jun 2022,5
jamaliah B.,ok....good........... ......... .   .      ..................,Color Family:Grey,23 May 2022,5
HAMIDAH B.,Received in good condition. Tq Lazada and seller.,Color Family:White,13 May 2022,5
muhammad A.,great..getah lembut x sakit telinga,Color Family:Black,23 Apr 2022,5
SEE T.,,Color Family:Black-50PCS,24 Jun 2023,5
C***.,,Color Family:White-50PCS,29 Apr 2023,5
Lee S.,I always re-purchse this face mask for my family. Good!,Color Family:Black-50PCS,09 Sep 2022,5
Tai K.,"Received, good to use, satisfied.",Color Family:White,17 May 2022,5
Wong S.,goods well received.,Color Family:Black-50PCS,01 Oct 2022,5
SUMIYATI B.,Recommend to buy this seller and the quality Mask is good to use,Color Family:Grey-50PCS,08 Sep 2022,5
ahmad C.,Received in good order. Good supplier.,Color Family:White-50PCS,05 Sep 2022,5
nian F.,3 ply only . No good,Color Family:White,21 May 2022,5
1***8,"Received my order with good condition and fast response, thanks",Color Family:White,09 May 2022,5
J***.,received thank you,Color Family:White-50PCS,26 Sep 2022,5
sk229,thank you sellerğŸ‘ğŸ‘ğŸ‘,Color Family:Black,23 May 2022,5
SHUHAIMI B.,Good product and very fast delivery. Thank you Seller.,Color Family:Grey,21 May 2022,5
H***.,Bought for white color but give green color.,Color Family:Grey,16 May 2022,5
Sai P.,thank you.hantar cepat,Color Family:Black-50PCS,26 Sep 2022,5
s***.,best je pakai..dan murah so berbaloi beli haa utk pakai then buang..x de laa berbulu sgt okay je..,Color Family:Black-50PCS,01 Sep 2022,5
ahmad C.,Received in good order.,Color Family:Black-50PCS,05 Sep 2022,5
Abdul L.,Other ones are tight and uncomfortable on the ears. These were perfect fits and comfortable,Color Family:Grey,20 May 2022,5
Goh C.,slow delivery,Color Family:Black,18 May 2022,5
NURLIYANA,"mask has arrived, fast delivery, all good ğŸ‘ğŸ» thank you seller ğŸ˜",Color Family:White,27 Apr 2022,5
Soo C.,Item has safely received. Over the mask is nice & good value for money.,Color Family:Grey,30 May 2022,5
L***.,Easy to use. Package came nicely wrapped.,Color Family:White,28 May 2022,5
Shamsohaimei S.,barang terima dalam keadaan baik....tempoh penghantaran...terbaik,Color:Grey,21 Apr 2022,5
Ng S.,good mask,Color Family:Grey-50PCS,30 Dec 2022,5
Chan L.,è²¨å·±æ”¶åˆ°ï¼ŒTq.,Color Family:Grey-50PCS,06 Dec 2022,5
Ang P.,very good,Color Family:Black-50PCS,30 Sep 2022,5
Nazar K.,All good,Color Family:Black,14 Jun 2022,5
maserati 7.,tq seller,Color Family:Black,20 May 2022,5
jhovie,tq seller,Color Family:Black,26 Apr 2022,5
Fir B.,terbaik..,Color Family:Black,26 Apr 2022,5
Mei T.,ä¸¤æ¬¡æ¬¡è¿‡ä¹°äº†ä¸¤ç™¾ä¸ª,Color:Black,12 Apr 2022,5
Munira,nipis X tebal,Color Family:Black,15 Apr 2022,5
Ganesh N.,very thin,Color Family:Black-50PCS,01 Aug 2022,5
Flyntz,comfortable and the price is quite reasonable,Color Family:Black-50PCS,14 Jul 2023,5
C***.,"Nice packaging, the product exactly the same as expected, thank you.",Color Family:Black-50PCS,14 Sep 2022,5
J***.,Received with thanks. Good fit. Soft n comfortable,Color Family:White,04 May 2022,5
Y***.,"good as advertised, well packed and so far 0 defect mask, will buy again",Color Family:Black-50PCS,19 Sep 2022,5
Ng S.,value for money ğŸ‘,Color Family:Grey-50PCS,12 Sep 2022,5
Tang L.,"Good quality and affordable, have been buying for them since the MCO",Color Family:Black,06 May 2022,5
yap A.,very thin,Color Family:White,11 May 2022,5
Rekha S.,ThanksğŸ‘,Color Family:Rose Gold-50PCS,30 Sep 2023,5
zeni A.,boleh la,Color Family:Hitam,10 Jun 2022,5
Jessica,å¥½ç”¨ğŸ‘ğŸ‘ğŸ‘,Color Family:White,08 Jun 2022,5
Thevagi S.,all good,Color Family:Grey,30 May 2022,5
C***.,"received in 3 days, value for money.",Color Family:White-50PCS,29 Apr 2023,5
dd,the BEST!!!! best!!!! best!!!,Color Family:Black-50PCS,15 Jul 2023,5
FOO S.,Receiver in good condition,Color Family:White-50PCS,15 Jul 2023,5
Ann K.,good ğŸ‘,Color Family:White-50PCS,27 Jan 2023,5
onghonfee,å·²æ”¶åˆ°! å¥½!,Color Family:Grey-50PCS,29 Dec 2022,5
*******143,terbaik,Color Family:White Green,09 Jun 2022,5
1***7,nicely,Color:White Green,24 May 2022,5
Gina L.,"received the products in good order. thank you seller.
love it so much",Color Family:White-50PCS,02 Sep 2022,5
S***.,"Received in good conditions.  Masks serms ok,  not  try yet.",Color Family:Rose Gold-50PCS,01 Sep 2022,5
POU B.,Good quality and reasonable price,Color Family:Black-50PCS,31 Aug 2022,5
Lim B.,Good and fast Delivery,Color Family:Black-50PCS,29 Aug 2022,5
å§œå® ä½•.,è´¨é‡å¾ˆå¥½ï¼Œå‘è´§ä¹Ÿå¾ˆå¿«ï¼Œè°¢è°¢åº—å®¶,Color Family:White-50PCS,27 Aug 2022,5
Ch N.,Fast delivery,Color Family:White-50PCS,25 Aug 2022,5
Alvin Y.,"Arrived just in time as the ones I have is about to finish. My whole family uses this type of mask, very good quality.",Color Family:White-50PCS,24 Aug 2022,5
En K.,"TQ,terbaik Lazada n seller..Boleh ulang beli lagi,Good Job Bro.",Color Family:Matcha-50PCS,20 Aug 2022,5
Mei K.,Late delivery.....,Color Family:White-50PCS,17 Aug 2022,5
1***2,Fast and received product in good condition.ğŸ‘ğŸ‘ğŸ‘,Color Family:White-50PCS,17 Aug 2022,5
edmund L.,Agak nipisâ€¦Ialah harga murah,Color Family:White-50PCS,17 Aug 2022,5
azahrahim,mask sangat tebal.....sesuai dengan muka yg tak berapa besar,Color Family:White-50PCS,15 Aug 2022,5
Muhammad F.,murah bernaloi kt kedqi mahal online murah,Color Family:Black-50PCS,11 Aug 2022,5
Ah H.,"Received in good condition and value for money. 
Delivered on time!",Color Family:White-50PCS,10 Aug 2022,5
Kangsika,ğŸ‘ğŸ»thanks,Color Family:Black-50PCS,08 Aug 2022,5
nurul,t.kasih seller,Color Family:White-50PCS,05 Aug 2022,5
marwan M.,"The mask is okay.
Seller only need 1 day to update packing and ship it. Hygiene delivery. Just nice. Worth to buy",Color Family:White-50PCS,01 Aug 2022,5
CHNG Y.,Tq seller,Color Family:White-50PCS,29 Jul 2022,5
ong S.,Rec'd satisfactorily in good order & condition.,Color Family:White-50PCS,27 Jul 2022,5
1***1,pnghantaran cepat kalau pakai lex.thanks lex thanks lazada thanks seller,Color Family:White-50PCS,27 Jul 2022,5
Hong C.,Fast delivery.,Color Family:White-50PCS,26 Jul 2022,5
Hasnah H.,Memang berbaloi oder cpt smpi,Color Family:Black-50PCS,26 Jul 2022,5
saiful,barang dah smpai terima kasih,Color Family:Black-50PCS,25 Jul 2022,5
Roger H.,received in good packed condition.  many times bought,Color Family:White-50PCS,25 Jul 2022,5
Shirley S.,"Received in good condition and well packing.
Will repeat order again.
Thank you seller and delivery boy.",Color Family:White-50PCS,07 Jul 2022,5
Azman S.,telah selamat sampai lambat reply.brg ok,Color Family:Grey-50PCS,07 Jul 2022,5
hanie,mask selesa pakai boleh repeat order,Color Family:Matcha-50PCS,04 Jul 2022,5
Nataliya S.,OK. Thank you.  Recommended.,Color Family:Grey-50PCS,04 Jul 2022,5
Liew Y.,"Puas hati & sesuai di pakai...
terima kasih seller & abang Lazada hantar kan",Color Family:Matcha-50PCS,01 Jul 2022,5
Mins,nice tp nipis sngt ckp 4 lys tp nipis sngt tp ok jg,Color Family:Grey-50PCS,30 Jun 2022,5
Abdul H.,Barang telah diterima. Dan telaj digunakan.,Color Family:Black-50PCS,28 Jun 2022,5
Chua S.,"fast delivery and goods handling, thanks seller and courier service man",Color Family:Black-50PCS,25 Jun 2022,5
s***t,Thanks seller for the free gift,Color Family:White-50PCS,22 Jun 2022,5
C***.,"Received in 2 days, items in good condition. Thumbs up for the seller",Color Family:White-50PCS,22 Jun 2022,5
C***.,Good ğŸ‘ğŸ‘ğŸ‘ğŸ‘ğŸ‘,Color:Black,15 Apr 2022,5
Sazali B.,"telah ditetima,, puashati,, tq seller",Color:Grey,14 Apr 2022,5
Theresa T.,"the best,.. items good sure  repeat order ğŸ‘ŒğŸ‘ŒğŸ‘ŒğŸ‘ŒğŸ‘Œ",Color Family:Black,14 Apr 2022,5
1***2,very fast delivery,Color Family:Grey,09 Apr 2022,5
L***g,OK received with good condition,Color Family:White,09 Apr 2022,5
Sharifah H.,Recommended..,Color Family:Grey,09 Apr 2022,5
Alice,Received but the product a bit thin,Color Family:White,09 Apr 2022,5
*******132,This mask all canâ€™t use.. itâ€™s low quality.. the rubber all come out.. I order 100 pisâ€¦ one also canâ€™t useâ€¦.,Color Family:Black,04 Apr 2022,5
C***.,"received in 4 days, product ok as per descriptions.",Color Family:Grey-50PCS,20 Aug 2022,5
Salimah H.,Alhamdulillah mask dh sampai lme baru Harini ada mesej untuk di ulas kempen ya lmao DPT mesej untuk di ulas ni barang sampai dgn keadaan baik tq seller,Color Family:Black-50PCS,15 Aug 2022,5
H***.,brg ok dan selesa.. cuma courier runner perangai x guna.. tinggalkan brg sy di posbox je..,Color Family:Grey-50PCS,27 Jul 2022,5
0***6,"Received yesterday.
Quantity as ordered",Color Family:Black-50PCS,25 Jul 2022,5
Joyce J.,Good product,Color Family:Matcha-50PCS,05 Jul 2022,5
è² å‡¤.,Good ğŸ‘ğŸ‘ğŸ‘ğŸ‘ğŸ‘ğŸ‘,Color Family:Black-50PCS,24 Jun 2022,5
mohd R.,diterima dgn selamat......fast delivary..tq seller,Color Family:Black-50PCS,22 Aug 2022,5
Chien T.,not satisfied with the poor quality.,Color Family:Grey-50PCS,01 Aug 2022,5
baskaran K.,"received very fast.
Thanks to seller",Color Family:Black-50PCS,23 Jul 2022,5
Ck W.,Barang sudah sampai kedai dan terima kasih seller,Color Family:Matcha-50PCS,04 Jul 2022,5
Fanny L.,very good ğŸ‘ğŸ‘,Color Family:Black-50PCS,22 Jun 2022,5
Lim S.,Fast delivery,Color Family:Black-50PCS,30 Aug 2022,5
Lee C.,This is my repeat order,Color Family:White-50PCS,24 Aug 2022,5
shirley C.,received thanks seller,Color Family:White-50PCS,03 Aug 2022,5
sia,"tq sell for fast deliver of goods, goods received in order n will buy again.",Color Family:Black-50PCS,29 Jul 2022,5
Rosnani,"TQ seller,",Color Family:Black-50PCS,13 Aug 2022,4
Stewart L.,"Only 10 pcs. Normal usual KF94. With worst of pandemic over, masks are going cheap. Suppliers try to clear stocks before no demand? Matcha coloured with black loops - nice. More a matter of fashion & colour!",Color Family:Matcha-50PCS,01 Jul 2022,4
1***8,looks good. tq,Color Family:White-50PCS,30 Aug 2022,5
Tan L.,"OK, item received in good condition, thanks seller.",Color Family:Black-50PCS,15 Aug 2022,5
Christine T.,"The order took longer than expected considering it is shipped within the country. Although the price is cheap, the masks received are very thin, so much so the wire at the nose part always poked through and scratched the face. Don't think they provide sufficient protection.",Color Family:Black-50PCS,06 Aug 2022,5
Leow T.,v good tq,Color Family:White-50PCS,23 Jul 2022,5
Pearl L.,Thin layer and also a little bit small for adult.,Color Family:White,20 Jun 2022,4
Ku A.,barang diterima dengan baik. thanks,Color Family:Grey-50PCS,30 Jul 2022,5
T***.,good,Color Family:Black-50PCS,18 Jul 2023,5
Md A.,good product,Color Family:Black-50PCS,15 Jul 2023,5
s***n,ok...good...tq...,Color Family:White-50PCS,15 Jul 2023,5
Merry999,good blh2,Color Family:White-50PCS,13 Jul 2023,5
I***.,Terbaikkk,Color Family:Black-50PCS,06 May 2023,5
chang,Good purchase.,Color Family:White-50PCS,22 Apr 2023,5
1***8,bungkus bocor,Color Family:White-50PCS,19 Apr 2023,5
Imahh,Tq saller,Color Family:Black-50PCS,14 Apr 2023,5
1***4,good product,Color Family:White-50PCS,11 Apr 2023,5
Bbst B.,perfect ğŸ¥°,Color Family:Rose Gold-50PCS,04 Apr 2023,5
cheong Y.,fast delivery,Color Family:White-50PCS,03 Apr 2023,5
Chan L.,Bagus masknya dan cepat sampai,Color Family:Grey-50PCS,02 Sep 2022,5
Zee,"Good.thanks ,seller",Color Family:White-50PCS,20 Aug 2022,5
A***a,lembut halus cantik,Color Family:Black-50PCS,18 Jul 2022,5
Nicky L.,"å®‰å…¨åˆ°è¾¾ğŸ˜Š
å‘è´§å¾ˆå¿«ğŸ˜Š
é€è´§ä¹Ÿå¾ˆå¿«ï¼Œä»æŸ”ä½›åˆ°å‰éš†å¡åªéœ€ä¸¤å¤©æ—¶é—´åˆ°è¾¾ã€‚ğŸ™‚
åªæ˜¯å¯„è´§å‘˜æ”¾ä¸‹ä¸œè¥¿æ²¡æ‰“ç”µè¯è¿‡æ¥ç„¶åå°±å‘ä¸ªç…§ç‰‡è¿‡æ¥å½“è¯æ˜ã€‚æœ‰ç‚¹ä¸å¥½ã€‚ğŸ˜‘ğŸ˜‘ğŸ˜‘ğŸ˜‘",Color Family:White-50PCS,15 Aug 2022,4
LAM P.,good ğŸ‘ğŸ‘ğŸ‘ğŸ‘ğŸ‘ğŸ‘ğŸ‘ğŸ‘ğŸ‘ğŸ‘ğŸ‘ğŸ‘ğŸ‘ğŸ‘ğŸ‘ğŸ‘ğŸ‘ğŸ‘ğŸ‘ğŸ‘ğŸ‘ğŸ‘ğŸ‘,Color Family:Black-50PCS,19 Aug 2022,5
Mei C.,ok laa,Color Family:Rose Gold-50PCS,19 Oct 2022,5
N***.,Good,Color Family:Matcha-50PCS,15 Sep 2022,5
Iris G.,"Good products
â¤ï¸",Color Family:Black-50PCS,22 Aug 2022,5
F.L,Good product and fast delivery,Color Family:White-50PCS,01 Aug 2022,5
N***.,very good products & fast shipping,Color Family:Black-50PCS,29 Jul 2022,5
Koshi,Fast delivery but itâ€™s not for medical mask,Color Family:Grey-50PCS,27 Jul 2022,5
POU B.,I like this as what I looking for the quality. Will repeat order. Thanks,Color Family:Black-50PCS,12 Aug 2022,5
Geethanjalli S.,Good product,Color Family:Black-50PCS,29 Jul 2022,5
Nisah B.,selamat sampai.bungkusan kemad.pasti repeat order .tq seller,Color Family:Black-50PCS,13 Jul 2022,5
C***.,got to my face size for the masks. at least not loose. fast delivery.,Color Family:White-50PCS,26 Jul 2022,5
EWE H.,Good quality. Affordable price. Quick delivery. Satisfaction guaranteed. Recommended.,Color Family:White,14 Jun 2022,5
Jessy L.,good ğŸ‘ğŸ‘ğŸ‘,Color Family:White-50PCS,23 Aug 2022,5
Amnor Z.,Good..,Color Family:Black-50PCS,13 Jul 2022,5
Ab A.,Excellent and comfortable,Color Family:Grey-50PCS,04 Aug 2022,5
QiQi,Item received in good condition and good quality as well. Thank you seller,Color Family:Black-50PCS,23 Jul 2022,5
Yeap C.,quality okay... will buy again,Color Family:Grey-50PCS,16 Jul 2022,5
emyajim,Cepat sampai puas hati dah byk kali repeat oder terbaik,Color Family:Black-50PCS,12 Jul 2022,5
1***6,very thin,Color Family:Black-50PCS,29 Jul 2022,5
J***.,received thank you,Color Family:White-50PCS,28 Jul 2022,5
Shazwani K.,Item arrive in good condition,Color Family:White-50PCS,12 Jul 2022,5
J S.,Good fit for smaller face and fast delivery.,Color Family:White-50PCS,23 Jul 2022,5
Mr M.,"Fast delivery and good product, thanks Lazada n Seller",Color Family:Grey-50PCS,11 Jul 2022,5
1***6,quality not bad,Color Family:Grey-50PCS,16 Jul 2022,5
Azam,Good,Color Family:Black-50PCS,04 Jan 2023,5
Cindy F.,Good,Color Family:Grey-50PCS,27 Dec 2022,5
Tohyokmoi,godd,Color Family:Grey-50PCS,13 Oct 2022,5
sean C.,Good,Color Family:Grey-50PCS,14 Jul 2022,5
1***8,Good,Color Family:White,13 Jun 2022,5
Nurazian N.,tq tq,Color Family:Black,29 Apr 2022,5
G.maran,"Received fast, the mask quality very thin",Color Family:Black-50PCS,15 Jan 2024,3
G.maran,"Received fast,but mask quality very thin",Color Family:Dark blue-50PCS,15 Jan 2024,3
Norhisham B.,terbaik,Color Family:Grey-50PCS,04 Jul 2022,5
Yennis,Good.,Color Family:Black,07 Jun 2022,5
Nasih,awesome,Color Family:Black-50PCS,27 Jul 2022,5
****6,good,Color Family:Black-50PCS,02 Feb 2023,5
tanyixuan,good,Color Family:White-50PCS,14 Dec 2022,5
Jason K.,good,Color Family:Black-50PCS,13 Jul 2022,5
R***.,good,Color Family:White Green,02 Jun 2022,5
Eng L.,okay,Color Family:Black,18 May 2022,5
Eng L.,Nice,Color Family:White,05 May 2022,5
Andy L.,Tqtq,Color Family:Grey,21 Apr 2022,5
Siti L.,okey,Color Family:Black,18 Apr 2022,5
0***5,nice,Color Family:Black,18 Apr 2022,5
1***9,good,Color Family:White,28 May 2022,5
Alex G.,good,Color Family:White,14 May 2022,5
E***.,"The material is a bit rough, but you get what you pay for. fair enough.",Color Family:Rose Gold-50PCS,12 Nov 2022,4
Kee,è¿™æ˜¯æˆ‘ç¬¬äºŒæ¬¡ä¹°ï¼Œæˆ‘å§è¯´å¾ˆè–„ã€‚,Color Family:Rose Gold-50PCS,11 Nov 2022,4
Kee,å‡ºè´§æœ‰ç‚¹æ…¢ï¼Œå£ç½©è¿˜å¯ä»¥ã€‚,Color Family:Grey-50PCS,17 Sep 2022,4
Ayesha J.,"the product is good, just a little thinner than expected. it is a 4-ply. there are 2 layers of the white layer. shipping took a very long time. overall it's okay.",Color Family:Black,23 May 2022,4
TAN P.,price cheaper but thinner layer,Color Family:White,13 May 2022,4
Caroline T.,received in good order. feels thinner than another Korean brand but acceptable. will update after use.,Color Family:Black,13 May 2022,4
Jay L.,Good,Color Family:White-50PCS,26 Sep 2022,5
DinhVi N.,nice,Color Family:Black,27 May 2022,5
Anna T.,Good ğŸ‘,Color Family:Grey-50PCS,28 Jul 2022,5
Anthony B.,Rough material. Expected a softer version.,Color Family:Black-50PCS,06 Dec 2023,3
Ee S.,nice,Color Family:White-50PCS,01 Sep 2022,5
Fan Y.,good,Color Family:Black-50PCS,30 Sep 2022,5
ho M.,,Color Family:Dark blue-50PCS,24 Oct 2023,5
LI L.,éå¸¸å¥½,Color Family:White-50PCS,02 Feb 2023,5
CY T.,å¤ªè–„äº†,Color:Black,20 May 2022,5
Chin Y.,Ok,Color:White,18 May 2022,5
1***0,"Great design, love it!,",Color Family:Black-50PCS,10 Jan 2024,3
*******328,å¾ˆè–„ğŸ‘ğŸ»,Color Family:Black,26 Mar 2022,5
0***6,okey,Color Family:Black-50PCS,25 Aug 2022,5
Cheng,"ä¸é”™ç”¨
ğŸ‘",Color Family:Matcha-50PCS,06 Jul 2022,5
Kassey K.,much much more thinner the mask!,Color Family:Black-50PCS,04 Dec 2023,3
Hui999,ok,Color Family:White-50PCS,17 Dec 2022,5
HUANG C.,ok,Color Family:Black-50PCS,21 Sep 2022,5
Chin J.,ä¸é”™,Color Family:White-50PCS,23 Jun 2022,5
Awras H.,Great,Color Family:Black-50PCS,04 Aug 2022,5
Nasih,good,Color Family:White-50PCS,07 Jul 2022,5
1***2,good,Color Family:Black-50PCS,23 Jun 2022,5
gary S.,ok,Color Family:Black-50PCS,05 Sep 2022,5
*******961,ok,Color Family:Grey-50PCS,06 Sep 2022,5
Pavitra,ok,Color Family:Black-50PCS,24 Sep 2022,5
Abinash M.,ok,Color Family:Black-50PCS,28 Sep 2022,5
